name,target_mode,need_kind,cover_ratio,fixed_kwh,n_cheapest,enforce,anchor,total_cost,plan_cost,adjustment_cost,emergency_cost,plan_kwh,final_kwh,upward_kwh,downward_kwh,emergency_kwh,spill_kwh,mean_soc,min_soc,max_soc,mean_soc_open,mean_soc_close,charge_kwh,discharge_kwh,mean_midnight_target,delta_vs_v002
v002_baseline,off,,0.0,0.0,37,soft,h0_and_h18,13521573.412340429,13188515.901656084,270111.8206970634,62945.68998728275,21503867.694092624,21033486.700421516,501579.8356013644,971960.8292724688,11602.854539463442,1889014.2982815248,6924.258007793334,1200.0,10800.0,2664.3467760615213,2662.4619832270355,6407643.844414932,5190758.082702142,,163.70488819293678
hist_morning_c0.3_n37_soft,forecast,hist_morning,0.3,0.0,37,soft,h0_and_h18,13524284.684543584,13181897.853802213,279930.44517431536,62456.38556705658,21504267.461517874,21048750.190230623,517463.76703244774,972981.0383196977,11386.136209757227,1907204.0317035387,7250.484916764823,1200.0,10800.0,4765.678895507778,4757.84961859659,6400506.738998326,5186763.939228147,4018.063986497838,2874.9770913477987
hist_morning_c0.3_n37_ge,forecast,hist_morning,0.3,0.0,37,ge,h0_and_h18,13524284.684543584,13181897.853802213,279930.44517431536,62456.38556705658,21504267.461517874,21048750.190230623,517463.7670324477,972981.0383196977,11386.136209757227,1907204.0317035387,7250.484916764823,1200.0,10800.0,4765.678895507778,4757.84961859659,6400506.738998326,5186763.939228147,4018.063986497838,2874.9770913477987
hist_morning_c0.3_n24_soft,forecast,hist_morning,0.3,0.0,24,soft,h0_and_h18,13524309.981801685,13181898.365411393,279955.06729160494,62456.54909868784,21504268.649914205,21048746.243227012,517485.66005327646,973008.066740474,11386.159651791524,1907203.4089063206,7250.482618722343,1200.0,10800.0,4765.675693242208,4757.846416331018,6400489.36655432,5186749.867548503,4018.063986497838,2900.2743494492024
hist_morning_c0.3_n24_ge,forecast,hist_morning,0.3,0.0,24,ge,h0_and_h18,13524309.981801685,13181898.365411393,279955.06729160494,62456.54909868784,21504268.649914205,21048746.243227012,517485.66005327646,973008.066740474,11386.159651791524,1907203.4089063206,7250.482734376174,1200.0,10800.0,4765.675693242208,4757.846416331018,6400489.36655432,5186749.867548503,4018.063986497838,2900.2743494492024
hist_morning_c0.3_n12_soft,forecast,hist_morning,0.3,0.0,12,soft,h0_and_h18,13524822.288888678,13182909.162156288,279478.04203764827,62435.08469474411,21506633.95774319,21048575.472523004,517800.9616384255,975859.4468586132,11383.16967026372,1907120.74193946,7249.4002277108675,1200.0,10800.0,4759.098621767433,4751.269266060168,6400010.050593386,5186361.645306246,4018.063986497838,3412.5814364422113
hist_morning_c0.3_n12_ge,forecast,hist_morning,0.3,0.0,12,ge,h0_and_h18,13524822.288888678,13182909.162156288,279478.0420376482,62435.08469474411,21506633.95774319,21048575.472523004,517800.9616384255,975859.4468586132,11383.16967026372,1907120.74193946,7249.4002277108675,1200.0,10800.0,4759.098621767433,4751.269266060168,6400010.050593386,5186361.645306246,4018.063986497838,3412.5814364422113
fixed_3000_n37_soft,fixed,,0.0,3000.0,37,soft,h0_and_h18,13526164.249287577,13181995.079968277,282373.5059532561,61795.66336604695,21496650.988458134,21044808.003589876,520585.01938701596,972428.0042552734,11025.752959680889,1897720.1860821838,7101.76663963832,1200.0,10800.0,3744.7732357329546,3742.7661199284566,6418565.339534437,5199641.264033727,3000.0,4754.541835341603
fixed_3000_n37_ge,fixed,,0.0,3000.0,37,ge,h0_and_h18,13526164.249287577,13181995.079968277,282373.5059532561,61795.66336604695,21496650.988458134,21044808.003589876,520585.01938701596,972428.0042552734,11025.752959680889,1897720.1860821838,7101.76663963832,1200.0,10800.0,3744.7732357329546,3742.7661199284566,6418565.339534437,5199641.264033727,3000.0,4754.541835341603
fixed_3000_n24_soft,fixed,,0.0,3000.0,24,soft,h0_and_h18,13526189.546065763,13181995.591097541,282398.1280705457,61795.82689767821,21496652.17685447,21044804.056586266,520606.9124078448,972455.0326760497,11025.776401715186,1897719.5632849657,7101.764131081856,1200.0,10800.0,3744.7700334673846,3742.7629176628857,6418547.967090432,5199627.192354081,3000.0,4779.838613526896
fixed_3000_n24_ge,fixed,,0.0,3000.0,24,ge,h0_and_h18,13526189.546065763,13181995.591097541,282398.1280705457,61795.82689767821,21496652.17685447,21044804.056586266,520606.9124078448,972455.0326760497,11025.776401715186,1897719.5632849657,7101.764200628791,1200.0,10800.0,3744.7700334673846,3742.7629176628857,6418547.967090432,5199627.192354081,3000.0,4779.838613526896
fixed_3000_n12_soft,fixed,,0.0,3000.0,12,soft,h0_and_h18,13526687.596817866,13182990.90629359,281922.3280305421,61774.36249373449,21498965.348509338,21044583.47708664,520938.4282095958,975320.2996322908,11022.78642018738,1897618.5845175171,7100.444082416262,1200.0,10800.0,3738.2034631742954,3736.196347369797,6417902.752807795,5199104.568785147,3000.0,5277.889365630224
fixed_3000_n12_ge,fixed,,0.0,3000.0,12,ge,h0_and_h18,13526687.596817866,13182990.90629359,281922.3280305421,61774.36249373449,21498965.348509338,21044583.47708664,520938.4282095958,975320.2996322908,11022.78642018738,1897618.5845175171,7100.444082416262,1200.0,10800.0,3738.2034631742954,3736.196347369797,6417902.752807795,5199104.568785147,3000.0,5277.889365630224
fixed_4000_n37_soft,fixed,,0.0,4000.0,37,soft,h0_and_h18,13530074.766216487,13186984.459418602,281908.31530432747,61181.99149355759,21515184.586734917,21061876.43389806,520292.01770475897,973600.170541616,10598.968325197833,1906688.7308605318,7307.303152549738,1200.0,10800.0,4715.4925926126425,4713.408907052459,6459071.2225023825,5232474.046106322,4000.0,8665.058764250949
fixed_4000_n37_ge,fixed,,0.0,4000.0,37,ge,h0_and_h18,13530074.766216487,13186984.459418602,281908.31530432747,61181.99149355759,21515184.586734917,21061876.43389806,520292.01770475897,973600.170541616,10598.968325197833,1906688.7308605318,7307.303152549738,1200.0,10800.0,4715.4925926126425,4713.408907052459,6459071.2225023825,5232474.046106322,4000.0,8665.058764250949
fixed_4000_n24_ge,fixed,,0.0,4000.0,24,ge,h0_and_h18,13530100.06004745,13186984.967600644,281932.93742161704,61182.15502518885,21515185.77513125,21061872.486894447,520313.91072558775,973627.1989623923,10598.991767232132,1906688.1080633136,7307.301531304234,1200.0,10800.0,4715.489390347072,4713.405704786888,6459053.850058376,5232459.9744266765,4000.0,8690.3525952138
fixed_4000_n24_soft,fixed,,0.0,4000.0,24,soft,h0_and_h18,13530100.06004745,13186984.967600644,281932.937421617,61182.15502518885,21515185.77513125,21061872.486894447,520313.91072558775,973627.1989623923,10598.991767232132,1906688.1080633136,7307.301415650403,1200.0,10800.0,4715.489390347072,4713.405704786888,6459053.850058376,5232459.9744266765,4000.0,8690.3525952138
fixed_4000_n12_ge,fixed,,0.0,4000.0,12,ge,h0_and_h18,13530594.849586971,13187973.481235683,281460.67773004156,61160.690621245114,21517479.63602431,21061637.719748616,520650.2922925424,976492.2085682354,10596.001785704324,1906600.6419852732,7306.157395422352,1200.0,10800.0,4708.943680016135,4706.85999445595,6458262.844535661,5231819.259953277,4000.0,9185.14213473536
fixed_4000_n12_soft,fixed,,0.0,4000.0,12,soft,h0_and_h18,13530594.849586971,13187973.481235683,281460.67773004156,61160.690621245114,21517479.63602431,21061637.719748616,520650.2922925424,976492.2085682354,10596.001785704324,1906600.6419852732,7306.157395422352,1200.0,10800.0,4708.943680016135,4706.85999445595,6458262.844535661,5231819.259953277,4000.0,9185.14213473536
hist_morning_c0.5_n12_soft,forecast,hist_morning,0.5,0.0,12,soft,h0_and_h18,13535776.86868545,13198050.649899457,275635.6355222608,62090.583263735076,21544111.374122478,21065495.179723207,519069.790062992,997685.9844622638,11236.554632402924,1925516.7478360687,7395.271754891105,1200.0,10800.0,6406.471599953366,6393.38843780136,6399780.474188255,5187754.982635381,5793.963230358727,14367.161233214661
hist_morning_c0.5_n37_soft,forecast,hist_morning,0.5,0.0,37,soft,h0_and_h18,13536889.125571545,13194612.235913748,280165.00552175095,62111.88413604755,21535178.437883854,21079110.52864955,518678.3554211115,974746.2646554179,11239.521171896433,1938896.5097113643,7401.212815472594,1200.0,10800.0,6430.745055987939,6417.661972632009,6401035.894737948,5188771.849594531,5793.963230358727,15479.41811930947
hist_morning_c0.5_n37_ge,forecast,hist_morning,0.5,0.0,37,ge,h0_and_h18,13536889.125571545,13194612.235913748,280165.00552175095,62111.88413604755,21535178.437883854,21079110.52864955,518678.3554211115,974746.2646554179,11239.521171896433,1938896.5097113643,7401.212815472594,1200.0,10800.0,6430.745055987939,6417.661972632009,6401035.894737948,5188771.849594531,5793.963230358727,15479.41811930947
hist_morning_c0.5_n24_soft,forecast,hist_morning,0.5,0.0,24,soft,h0_and_h18,13536914.421165893,13194612.745859176,280189.6276390405,62112.04766767881,21535179.62628019,21079106.581645936,518700.2484419403,974773.2930761941,11239.544613930731,1938895.8869141461,7401.210706772703,1200.0,10800.0,6430.741853722368,6417.658770366438,6401018.522293942,5188757.777914885,5793.963230358727,15504.713713657111
hist_morning_c0.5_n24_ge,forecast,hist_morning,0.5,0.0,24,ge,h0_and_h18,13536914.421165893,13194612.745859176,280189.6276390405,62112.04766767881,21535179.62628019,21079106.581645936,518700.2484419403,974773.2930761941,11239.544613930731,1938895.8869141461,7401.210822426535,1200.0,10800.0,6430.741853722368,6417.658770366438,6401018.522293942,5188757.777914885,5793.963230358727,15504.713713657111
fixed_5000_n37_soft,fixed,,0.0,5000.0,37,soft,h0_and_h18,13539843.557742331,13197597.28897021,281106.6849181583,61139.58385396356,21545668.007830508,21089895.049966216,519863.13806278503,975636.0959270771,10592.889248421166,1925241.6343276051,7418.329902563367,1200.0,10800.0,5660.035408190178,5657.959065958107,6508847.149449098,5272790.33952873,5000.0,18433.850290095434
fixed_5000_n37_ge,fixed,,0.0,5000.0,37,ge,h0_and_h18,13539843.557742331,13197597.28897021,281106.6849181583,61139.58385396356,21545668.007830508,21089895.049966216,519863.13806278503,975636.0959270771,10592.889248421166,1925241.6343276051,7418.329902563367,1200.0,10800.0,5660.035408190178,5657.959065958107,6508847.149449098,5272790.33952873,5000.0,18433.850290095434
fixed_5000_n24_soft,fixed,,0.0,5000.0,24,soft,h0_and_h18,13539868.850833068,13197597.796412025,281131.30703544786,61139.74738559482,21545669.196226843,21089891.102962606,519885.03108361375,975663.1243478532,10592.912690455463,1925241.011530387,7418.3278273270635,1200.0,10800.0,5660.032205924607,5657.955863692537,6508829.777005091,5272776.267849086,5000.0,18459.143380831927
fixed_5000_n24_ge,fixed,,0.0,5000.0,24,ge,h0_and_h18,13539868.850833068,13197597.796412025,281131.30703544786,61139.74738559482,21545669.196226843,21089891.102962606,519885.03108361375,975663.1243478532,10592.912690455463,1925241.011530387,7418.327942980895,1200.0,10800.0,5660.032205924607,5657.955863692537,6508829.777005091,5272776.267849086,5000.0,18459.143380831927
fixed_5000_n12_soft,fixed,,0.0,5000.0,12,soft,h0_and_h18,13540372.244676873,13198588.226589987,280665.73510523466,61118.282981651086,21547970.303440824,21089668.674434844,520218.9883285662,978520.6173345444,10589.922708927657,1925166.668190938,7417.2138117458335,1200.0,10800.0,5653.463404738443,5651.387062506372,6508034.644532267,5272132.210546098,5000.0,18962.537224637344
fixed_5000_n12_ge,fixed,,0.0,5000.0,12,ge,h0_and_h18,13540372.244676873,13198588.226589987,280665.73510523466,61118.282981651086,21547970.303440824,21089668.674434844,520218.9883285662,978520.6173345444,10589.922708927657,1925166.668190938,7417.2138117458335,1200.0,10800.0,5653.463404738443,5651.387062506372,6508034.644532267,5272132.210546098,5000.0,18962.537224637344
fixed_6000_n37_soft,fixed,,0.0,6000.0,37,soft,h0_and_h18,13546903.314801287,13205235.142989043,280541.5898296112,61126.58198263199,21567644.08096791,21110494.219863035,519521.5692154174,976671.4303202962,10591.02544805827,1933851.4958476853,7526.186035194274,1200.0,10800.0,6634.001712575518,6631.919871624403,6571947.662561306,5323903.408064564,6000.0,25493.607349051163
fixed_6000_n37_ge,fixed,,0.0,6000.0,37,ge,h0_and_h18,13546903.314801287,13205235.142989043,280541.5898296112,61126.58198263199,21567644.08096791,21110494.219863035,519521.5692154174,976671.4303202962,10591.02544805827,1933851.4958476853,7526.186035194274,1200.0,10800.0,6634.001712575518,6631.919871624403,6571947.662561306,5323903.408064564,6000.0,25493.607349051163
fixed_6000_n24_ge,fixed,,0.0,6000.0,24,ge,h0_and_h18,13546928.60813312,13205235.650671957,280566.2119469008,61126.74551426325,21567645.26936425,21110490.272859424,519543.46223624615,976698.4587410724,10591.048890092567,1933850.873050467,7526.18429057844,1200.0,10800.0,6633.998510309947,6631.916669358832,6571930.290117301,5323889.336384919,6000.0,25518.90068088472
fixed_6000_n24_soft,fixed,,0.0,6000.0,24,soft,h0_and_h18,13546928.60813312,13205235.650671957,280566.2119469008,61126.74551426325,21567645.26936425,21110490.272859424,519543.46223624615,976698.4587410724,10591.048890092567,1933850.873050467,7526.184171538516,1200.0,10800.0,6633.998510309947,6631.916669358832,6571930.290117301,5323889.336384919,6000.0,25518.90068088472
fixed_6000_n12_ge,fixed,,0.0,6000.0,12,ge,h0_and_h18,13547430.759811144,13206227.364010401,280098.96110991365,61104.43469082826,21569952.64682917,21110273.244008984,519881.2911158157,979560.693935999,10587.93325179787,1933762.418671337,7525.16397463448,1200.0,10800.0,6627.413037746096,6625.33119679498,6571237.184277299,5323327.920654518,6000.0,26021.05235890858
fixed_6000_n12_soft,fixed,,0.0,6000.0,12,soft,h0_and_h18,13547430.759811144,13206227.364010401,280098.96110991365,61104.43469082826,21569952.64682917,21110273.244008984,519881.2911158157,979560.693935999,10587.93325179787,1933762.418671337,7525.15149958458,1200.0,10800.0,6627.413037746096,6625.33119679498,6571237.184277299,5323327.920654518,6000.0,26021.05235890858
hybrid_morning_c0.3_n37_ge,forecast,hybrid_morning,0.3,0.0,37,ge,h0_and_h18,13548746.243118526,13130186.674434628,356809.3892868998,61750.17939699825,21383431.948063258,21049760.603187624,629733.0468482565,963404.3917238903,11213.748626891313,1909072.612582674,7287.917263351356,1200.0,10800.0,5091.947685008748,5084.249814684992,6394874.863602606,5182162.619337432,4018.7474721897865,27336.53566629067
hybrid_morning_c0.3_n37_soft,forecast,hybrid_morning,0.3,0.0,37,soft,h0_and_h18,13548746.243118526,13130186.674434628,356809.38928689976,61750.17939699825,21383431.948063258,21049760.603187624,629733.0468482565,963404.3917238903,11213.748626891313,1909072.612582674,7287.917263351356,1200.0,10800.0,5091.947685008748,5084.249814684992,6394874.863602606,5182162.619337432,4018.7474721897865,27336.53566629067
hybrid_morning_c0.3_n24_ge,forecast,hybrid_morning,0.3,0.0,24,ge,h0_and_h18,13548771.540704906,13130187.186372086,356834.01140418934,61750.34292862951,21383433.13645959,21049756.65618401,629754.9398690853,963431.4201446667,11213.77206892561,1909071.9897854556,7287.915477580686,1200.0,10800.0,5091.944482743177,5084.246612419422,6394857.4911586,5182148.547657788,4018.7474721897865,27361.833252670243
hybrid_morning_c0.3_n24_soft,forecast,hybrid_morning,0.3,0.0,24,soft,h0_and_h18,13548771.540704906,13130187.186372086,356834.01140418934,61750.34292862951,21383433.13645959,21049756.65618401,629754.9398690853,963431.4201446667,11213.77206892561,1909071.9897854556,7287.916040039159,1200.0,10800.0,5091.944482743177,5084.246612419422,6394857.4911586,5182148.547657788,4018.7474721897865,27361.833252670243
hybrid_morning_c0.3_n12_soft,forecast,hybrid_morning,0.3,0.0,12,soft,h0_and_h18,13549668.96445667,13130872.458215043,357213.146391446,61583.35985018195,21385038.450259417,21049389.9678041,632246.122635152,967894.6050904655,11189.233468704397,1909095.9405318245,7287.177740169767,1200.0,10800.0,5087.415299370917,5079.717350251088,6392672.4698933475,5180378.704119032,4018.7474721897865,28259.257004434243
hybrid_morning_c0.3_n12_ge,forecast,hybrid_morning,0.3,0.0,12,ge,h0_and_h18,13549668.96445667,13130872.458215043,357213.146391446,61583.35985018195,21385038.450259417,21049389.9678041,632246.122635152,967894.6050904655,11189.233468704397,1909095.9405318245,7287.177740169767,1200.0,10800.0,5087.415299370917,5079.717350251088,6392672.4698933475,5180378.704119032,4018.7474721897865,28259.257004434243
hist_morning_c0.8_n12_soft,forecast,hist_morning,0.8,0.0,12,soft,h0_and_h18,13554221.449091041,13224498.30185718,267754.6485581324,61968.498675729235,21602803.430282585,21085822.42339408,519256.027560673,1036237.0344491757,11208.240185213606,1946366.7180605084,7527.775472233462,1200.0,10800.0,8096.023621580775,8074.9382203852365,6409540.642902635,5198066.192350514,7639.322781470392,32811.74163880572
hist_morning_c0.8_n37_soft,forecast,hist_morning,0.8,0.0,37,soft,h0_and_h18,13556827.234007608,13214038.605914727,280773.18030292104,62015.44778996051,21574940.476410124,21118066.26535458,519345.8998259824,976220.1108815264,11215.471193226089,1978262.8561532358,7547.79464155833,1200.0,10800.0,8171.350882000432,8150.2655596009645,6411408.596532546,5199579.211104642,7639.322781470392,35417.5265553724
hist_morning_c0.8_n37_ge,forecast,hist_morning,0.8,0.0,37,ge,h0_and_h18,13556827.234007608,13214038.605914727,280773.18030292104,62015.44778996051,21574940.476410124,21118066.26535458,519345.8998259824,976220.1108815264,11215.471193226089,1978262.8561532358,7547.79464155833,1200.0,10800.0,8171.350882000432,8150.2655596009645,6411408.596532546,5199579.211104642,7639.322781470392,35417.5265553724
hist_morning_c0.8_n24_soft,forecast,hist_morning,0.8,0.0,24,soft,h0_and_h18,13556852.621171253,13214039.20742945,280797.8024202106,62015.61132159178,21574941.664806455,21118062.318350963,519367.7928468111,976247.1393023026,11215.494635260386,1978262.2333560176,7547.792763418287,1200.0,10800.0,8171.34767973486,8150.262357335394,6411391.22408854,5199565.139424996,7639.322781470392,35442.91371901706
hist_morning_c0.8_n24_ge,forecast,hist_morning,0.8,0.0,24,ge,h0_and_h18,13556852.621171253,13214039.20742945,280797.80242021056,62015.61132159178,21574941.664806455,21118062.318350963,519367.7928468111,976247.1393023026,11215.494635260386,1978262.2333560176,7547.79287907212,1200.0,10800.0,8171.34767973486,8150.262357335394,6411391.22408854,5199565.139424996,7639.322781470392,35442.91371901706
fixed_7500_n37_ge,fixed,,0.0,7500.0,37,ge,h0_and_h18,13561355.337426301,13220501.27703632,279767.4406183157,61086.61977166719,21608519.781616256,21149849.4311132,518729.13544566644,977399.4859487194,10585.296920110333,1953268.147247758,7660.315480800251,1200.0,10800.0,8079.482505866519,8077.3612078288315,6676919.726363253,5408942.640544364,7500.0,39945.62997406535
fixed_7500_n37_soft,fixed,,0.0,7500.0,37,soft,h0_and_h18,13561355.337426301,13220501.27703632,279767.4406183157,61086.61977166719,21608519.781616256,21149849.4311132,518729.13544566644,977399.4859487194,10585.296920110333,1953268.147247758,7660.315480800251,1200.0,10800.0,8079.482505866519,8077.3612078288315,6676919.726363253,5408942.640544364,7500.0,39945.62997406535
fixed_7500_n24_ge,fixed,,0.0,7500.0,24,ge,h0_and_h18,13561380.630043957,13220501.784005055,279792.0627356053,61086.78330329845,21608520.97001259,21149845.484109588,518751.0284664952,977426.5143694957,10585.32036214463,1953267.5244505398,7660.3138219634575,1200.0,10800.0,8079.47930360095,8077.35800556326,6676902.353919246,5408928.568864719,7500.0,39970.92259172164
fixed_7500_n24_soft,fixed,,0.0,7500.0,24,soft,h0_and_h18,13561380.630043957,13220501.784005055,279792.0627356053,61086.78330329845,21608520.97001259,21149845.484109588,518751.0284664952,977426.5143694957,10585.32036214463,1953267.5244505398,7660.313706309626,1200.0,10800.0,8079.47930360095,8077.35800556326,6676902.353919246,5408928.568864719,7500.0,39970.92259172164
fixed_7500_n12_ge,fixed,,0.0,7500.0,12,ge,h0_and_h18,13561870.07752163,13221489.922936436,279323.2997623012,61056.85482289267,21610829.326421846,21149627.38127795,519089.8338722533,980291.779016149,10581.073920469718,1953167.1222050684,7659.502715592675,1200.0,10800.0,8072.88953412384,8070.768157290077,6676260.6521205995,5408408.814093916,7500.0,40460.37006939389
fixed_7500_n12_soft,fixed,,0.0,7500.0,12,soft,h0_and_h18,13561870.07752163,13221489.922936436,279323.2997623012,61056.85482289267,21610829.326421846,21149627.38127795,519089.8338722533,980291.779016149,10581.073920469718,1953167.1222050684,7659.502715592675,1200.0,10800.0,8072.88953412384,8070.768157290077,6676260.6521205995,5408408.814093916,7500.0,40460.37006939389
hist_morning_c0.5_n12_ge,forecast,hist_morning,0.5,0.0,12,ge,h0_and_h18,13564228.232288986,13195598.583441403,306539.06558384746,62090.583263735076,21537507.37073424,21074996.799242064,535170.7215401913,997681.2930323667,11236.554632402924,1938679.1088813073,7407.005020038757,1200.0,10800.0,6424.266818664184,6411.1836565121785,6380513.4135231,5172148.663496604,5793.963230358727,42818.5248367507
hist_morning_c1.0_n12_soft,forecast,hist_morning,1.0,0.0,12,soft,h0_and_h18,13572517.415027626,13249697.84336524,261835.23614537026,60984.33551701765,21654930.73871737,21111681.965902902,517150.691126805,1060399.4639412751,10864.690063090897,1968283.2663902452,7602.7385559290815,1200.0,10800.0,8863.007418668138,8837.568048504218,6435373.522528182,5220299.627919102,8531.431532504435,51107.707575390115
hybrid_morning_c0.5_n12_soft,forecast,hybrid_morning,0.5,0.0,12,soft,h0_and_h18,13573697.05936994,13123154.099148627,389491.72807488975,61051.23214642494,21367548.48650916,21067175.266159594,686923.0147193796,987296.2350689449,11074.026752262293,1928909.055994054,7433.821050448773,1200.0,10800.0,6879.017570740931,6866.014989920822,6389785.882871912,5179635.140920775,5790.488152363329,52287.35191770457
hist_morning_c1.0_n37_soft,forecast,hist_morning,1.0,0.0,37,soft,h0_and_h18,13576930.601934817,13234540.423459109,280998.24541645584,61391.933059251314,21614450.89007276,21159181.372646507,518507.4960715608,973777.0134978123,10928.04375616266,2015056.0180991641,7631.504930374948,1200.0,10800.0,8972.924084514198,8947.48479314635,6439531.338536919,5223667.435200078,8531.431532504435,55520.894482580945
hist_morning_c1.0_n37_ge,forecast,hist_morning,1.0,0.0,37,ge,h0_and_h18,13576930.601934817,13234540.423459109,280998.24541645584,61391.933059251314,21614450.89007276,21159181.372646507,518507.4960715608,973777.0134978123,10928.04375616266,2015056.0180991641,7631.504930374948,1200.0,10800.0,8972.924084514198,8947.48479314635,6439531.338536919,5223667.435200078,8531.431532504435,55520.894482580945
hist_morning_c1.0_n24_soft,forecast,hist_morning,1.0,0.0,24,soft,h0_and_h18,13576956.518421197,13234541.554296568,281022.8675337454,61392.096590882575,21614453.866763294,21159179.213937093,518529.3890923896,973804.0419185885,10928.067198196959,2015057.1835961444,7631.501970174422,1200.0,10800.0,8972.916063491804,8947.476772123957,6439513.966092913,5223653.363520434,8531.431532504435,55546.81096896157
hist_morning_c1.0_n24_ge,forecast,hist_morning,1.0,0.0,24,ge,h0_and_h18,13576956.518421197,13234541.554296568,281022.8675337454,61392.096590882575,21614453.866763294,21159179.213937093,518529.3890923896,973804.0419185885,10928.067198196959,2015057.1835961444,7631.502093244022,1200.0,10800.0,8972.916063491804,8947.476772123957,6439513.966092913,5223653.363520434,8531.431532504435,55546.81096896157
hybrid_morning_c0.5_n37_soft,forecast,hybrid_morning,0.5,0.0,37,soft,h0_and_h18,13578053.995201953,13118350.742611587,398243.99940126436,61459.253189099865,21354807.590490773,21084571.09041599,691213.9121651496,961450.4122399318,11134.756978593663,1945701.0990503998,7443.124380325191,1200.0,10800.0,6913.5511820309675,6900.548680006934,6393283.186768137,5182467.9333906155,5790.488152363329,56644.28774971701
hybrid_morning_c0.5_n37_ge,forecast,hybrid_morning,0.5,0.0,37,ge,h0_and_h18,13578053.995201953,13118350.742611587,398243.99940126436,61459.25318909988,21354807.590490773,21084571.09041599,691213.9121651496,961450.4122399318,11134.756978593663,1945701.0990503998,7443.124380325191,1200.0,10800.0,6913.5511820309675,6900.548680006934,6393283.186768137,5182467.9333906155,5790.488152363329,56644.28774971701
hybrid_morning_c0.5_n24_soft,forecast,hybrid_morning,0.5,0.0,24,soft,h0_and_h18,13578079.388836173,13118351.350596886,398268.62151855393,61459.416720731126,21354808.778887108,21084567.14341238,691235.8051859783,961477.440660708,11134.780420627962,1945700.4762531817,7443.123475567969,1200.0,10800.0,6913.547979765399,6900.545477741364,6393265.814324131,5182453.861710972,5790.488152363329,56669.6813839376
hybrid_morning_c0.5_n24_ge,forecast,hybrid_morning,0.5,0.0,24,ge,h0_and_h18,13578079.388836173,13118351.350596886,398268.62151855393,61459.41672073114,21354808.778887108,21084567.14341238,691235.8051859783,961477.440660708,11134.780420627962,1945700.4762531817,7443.123497804648,1200.0,10800.0,6913.547979765399,6900.545477741364,6393265.814324131,5182453.861710972,5790.488152363329,56669.6813839376
hybrid_morning_c0.8_n12_soft,forecast,hybrid_morning,0.8,0.0,12,soft,h0_and_h18,13595795.839505486,13160901.477126935,373953.47178958077,60940.89058897145,21449240.837908197,21098614.309886225,672276.5686846351,1022903.0967066088,11057.69640440214,1961179.5869738383,7566.507851920204,1200.0,10800.0,8513.790768164292,8492.731866065094,6398069.633269159,5188766.708919038,7641.936919909071,74386.13205325045
hybrid_morning_c0.5_n12_ge,forecast,hybrid_morning,0.5,0.0,12,ge,h0_and_h18,13605340.09476358,13119825.715577826,425642.4125888701,59871.96659688446,21358584.350848507,21077107.89021252,705762.746664919,987239.2073009063,10894.869119795165,1942835.2642996288,7448.543915909203,1200.0,10800.0,6903.172427311556,6890.169846491448,6367824.083476553,5161846.083410533,5790.488152363329,83930.38731134497
hybrid_morning_c1.0_n12_soft,forecast,hybrid_morning,1.0,0.0,12,soft,h0_and_h18,13605647.513981016,13215042.490085384,330587.31969865627,60017.704196977335,21569600.081975624,21133377.651075035,612500.9748815529,1048723.405782141,10669.443143040431,1991257.6556377453,7633.998996150082,1200.0,10800.0,9094.16598850754,9068.72661834362,6427615.885710215,5214015.942096549,8529.619177982922,84237.80652878061
hybrid_morning_c0.8_n37_ge,forecast,hybrid_morning,0.8,0.0,37,ge,h0_and_h18,13607419.933624502,13148314.166155439,398147.7678931849,60957.99957588191,21415468.698727548,21142886.468343623,686374.0056127673,958956.235996694,11060.606724793495,2004875.6816706283,7592.558786849638,1200.0,10800.0,8604.94837683375,8583.889553530627,6401116.740610741,5191234.842179619,7641.936919909071,86010.22617226653
hybrid_morning_c0.8_n37_soft,forecast,hybrid_morning,0.8,0.0,37,soft,h0_and_h18,13607419.933624502,13148314.166155439,398147.7678931849,60957.99957588191,21415468.698727548,21142886.468343623,686374.0056127673,958956.235996694,11060.606724793495,2004875.6816706285,7592.558786849638,1200.0,10800.0,8604.94837683375,8583.889553530627,6401116.740610741,5191234.842179619,7641.936919909071,86010.22617226653
hybrid_morning_c0.8_n24_ge,forecast,hybrid_morning,0.8,0.0,24,ge,h0_and_h18,13607445.984033095,13148315.430915106,398172.3900104745,60958.16310751317,21415471.675418083,21142884.30963421,686395.898633596,958983.2644174703,11060.630166827792,2004876.8471676086,7592.556913977465,1200.0,10800.0,8604.940355811357,8583.881532508234,6401099.368166734,5191220.7704999745,7641.936919909071,86036.27658085898
hybrid_morning_c0.8_n24_soft,forecast,hybrid_morning,0.8,0.0,24,soft,h0_and_h18,13607445.984033095,13148315.430915106,398172.3900104745,60958.16310751317,21415471.675418083,21142884.30963421,686395.898633596,958983.2644174703,11060.630166827796,2004876.8471676086,7592.5568917407845,1200.0,10800.0,8604.940355811357,8583.881532508234,6401099.368166734,5191220.7704999745,7641.936919909071,86036.27658085898
hybrid_morning_c1.0_n37_soft,forecast,hybrid_morning,1.0,0.0,37,soft,h0_and_h18,13622835.983887777,13197006.236448538,365682.61701918714,60147.13042005146,21521370.2319197,21199219.600709066,632932.8222215289,955083.4534321595,10688.977046080148,2056416.4368296454,7671.793925737083,1200.0,10800.0,9224.848741926333,9199.409450558489,6431314.194442164,5217011.548483329,8529.619177982922,101426.27643554099
hybrid_morning_c1.0_n37_ge,forecast,hybrid_morning,1.0,0.0,37,ge,h0_and_h18,13622835.983887777,13197006.236448538,365682.61701918714,60147.13042005146,21521370.2319197,21199219.600709066,632932.8222215287,955083.4534321595,10688.977046080148,2056416.4368296454,7671.793925737083,1200.0,10800.0,9224.848741926333,9199.409450558489,6431314.194442164,5217011.548483329,8529.619177982922,101426.27643554099
hybrid_morning_c1.0_n24_soft,forecast,hybrid_morning,1.0,0.0,24,soft,h0_and_h18,13622860.976550896,13197006.440657504,365707.2419417114,60147.29395168272,21521370.71297733,21199214.946366753,632954.9668329132,955110.7334434914,10689.000488114449,2056415.1066937281,7671.792202345241,1200.0,10800.0,9224.847445663247,9199.4081542954,6431296.821998159,5216997.476803684,8529.619177982922,101451.26909865998
hybrid_morning_c1.0_n24_ge,forecast,hybrid_morning,1.0,0.0,24,ge,h0_and_h18,13622860.976550896,13197006.440657504,365707.2419417114,60147.29395168272,21521370.71297733,21199214.946366753,632954.9668329132,955110.7334434914,10689.000488114449,2056415.1066937281,7671.792180108562,1200.0,10800.0,9224.847445663247,9199.4081542954,6431296.821998159,5216997.476803684,8529.619177982922,101451.26909865998
hist_morning_c0.8_n12_ge,forecast,hist_morning,0.8,0.0,12,ge,h0_and_h18,13630492.844369415,13215199.803108014,356270.22709794063,59022.81416345967,21577760.341811895,21107307.23195772,565426.2486560987,1035879.3585102741,10751.222195601684,1977722.5286928443,7565.535033645731,1200.0,10800.0,8163.504997699398,8142.419596503857,6355182.642595746,5154036.2121019345,7639.322781470392,109083.13691717945
hist_expensive_c0.3_n12_soft,forecast,hist_expensive,0.3,0.0,12,soft,h0_and_h18,13632962.249074124,13316295.810062744,257602.72199807246,59063.71701331047,21809030.960890826,21209517.518862475,518075.42849712865,1117588.8705254816,10282.627849139442,2028156.015086722,7785.68956871472,1200.0,10800.0,9835.11370973489,9811.806140836403,6628741.536153212,5376286.899494987,9803.646753255987,111552.54162188806
hist_expensive_c0.3_n37_ge,forecast,hist_expensive,0.3,0.0,37,ge,h0_and_h18,13638218.865591606,13294974.613481455,282204.212535067,61040.03957508487,21752326.625311084,21296439.46785091,521041.56586062454,976928.7233207941,10578.619713031447,2110358.6155162887,7822.713020253943,1200.0,10800.0,9989.863080793439,9966.555590691025,6655137.94003039,5397667.962949404,9803.646753255987,116809.15813937038
hist_expensive_c0.3_n37_soft,forecast,hist_expensive,0.3,0.0,37,soft,h0_and_h18,13638218.865591606,13294974.613481455,282204.212535067,61040.03957508487,21752326.625311084,21296439.46785091,521041.56586062454,976928.7233207941,10578.619713031447,2110358.6155162887,7822.713020253943,1200.0,10800.0,9989.863080793439,9966.555590691025,6655137.94003039,5397667.962949404,9803.646753255987,116809.15813937038
hist_expensive_c0.3_n24_soft,forecast,hist_expensive,0.3,0.0,24,soft,h0_and_h18,13638243.651240526,13294974.613481455,282228.83465235657,61040.20310671613,21752326.625311084,21296434.332450964,521063.4588814534,976955.7517415703,10578.643155065745,2110356.8043227363,7822.711378315176,1200.0,10800.0,9989.863080793439,9966.555590691025,6655120.567586386,5397653.891269758,9803.646753255987,116833.94378829002
hist_expensive_c0.3_n24_ge,forecast,hist_expensive,0.3,0.0,24,ge,h0_and_h18,13638243.651240526,13294974.613481455,282228.83465235657,61040.20310671613,21752326.625311084,21296434.332450964,521063.4588814534,976955.7517415703,10578.643155065745,2110356.8043227363,7822.7112455500055,1200.0,10800.0,9989.863080793439,9966.555590691025,6655120.567586386,5397653.891269758,9803.646753255987,116833.94378829002
hist_expensive_c0.5_n12_soft,forecast,hist_expensive,0.5,0.0,12,soft,h0_and_h18,13672007.4495891,13361094.773152597,252862.35579321557,58050.320643287916,21916278.907033905,21278656.594630446,518582.2125546805,1156204.524958139,10098.147862515261,2058526.4703060715,7890.836016580711,1200.0,10800.0,10531.313488018248,10505.874117854326,6835188.694165781,5544149.916945558,10672.931038139,150597.742136864
hist_expensive_c0.8_n12_soft,forecast,hist_expensive,0.8,0.0,12,soft,h0_and_h18,13679621.420419876,13370736.205597036,250852.2275445559,58032.98727828792,21938766.845321395,21287507.404182684,518747.10623098386,1170006.547369694,10095.577862515262,2064654.4678156753,7896.627665623902,1200.0,10800.0,10577.893989248505,10552.454619084583,6849505.757548062,5555746.738285206,10771.25748502994,158211.7129676398
hist_expensive_c1.0_n12_soft,forecast,hist_expensive,1.0,0.0,12,soft,h0_and_h18,13679621.420419876,13370736.205597036,250852.2275445559,58032.98727828792,21938766.845321395,21287507.404182684,518747.10623098386,1170006.547369694,10095.577862515262,2064654.4678156753,7896.627665623902,1200.0,10800.0,10577.893989248505,10552.454619084583,6849505.757548062,5555746.738285206,10771.25748502994,158211.7129676398
hist_expensive_c0.5_n37_soft,forecast,hist_expensive,0.5,0.0,37,soft,h0_and_h18,13679962.443596978,13334442.866604218,284479.5374176747,61040.039575084884,21847092.757175837,21393449.631674565,523010.74385151675,976653.8693527903,10578.61971303145,2165181.939554409,7933.562841723472,1200.0,10800.0,10726.351280574258,10700.91198920641,6880546.672903657,5580889.856037136,10672.931038139,158552.736144742
hist_expensive_c0.5_n37_ge,forecast,hist_expensive,0.5,0.0,37,ge,h0_and_h18,13679962.443596978,13334442.866604218,284479.5374176747,61040.039575084884,21847092.757175837,21393449.631674565,523010.74385151675,976653.8693527903,10578.61971303145,2165181.939554409,7933.562841723472,1200.0,10800.0,10726.351280574258,10700.91198920641,6880546.672903657,5580889.856037136,10672.931038139,158552.736144742
hist_expensive_c0.5_n24_soft,forecast,hist_expensive,0.5,0.0,24,soft,h0_and_h18,13679987.229245897,13334442.866604218,284504.1595349643,61040.203106716144,21847092.757175837,21393444.496274617,523032.6368723455,976680.8977735667,10578.643155065749,2165180.1283608573,7933.561199784706,1200.0,10800.0,10726.351280574258,10700.91198920641,6880529.30045965,5580875.784357492,10672.931038139,158577.52179366164
hist_expensive_c0.5_n24_ge,forecast,hist_expensive,0.5,0.0,24,ge,h0_and_h18,13679987.229245897,13334442.866604218,284504.1595349643,61040.203106716144,21847092.757175837,21393444.496274617,523032.6368723455,976680.8977735667,10578.643155065749,2165180.1283608573,7933.561067019536,1200.0,10800.0,10726.351280574258,10700.91198920641,6880529.30045965,5580875.784357492,10672.931038139,158577.52179366164
hist_morning_c1.0_n12_ge,forecast,hist_morning,1.0,0.0,12,ge,h0_and_h18,13682389.704636976,13235627.885116413,392147.747574145,54614.07194641866,21617251.33474229,21143080.651097946,585412.9992100813,1059583.682854427,9803.388447564419,2013477.2526513226,7657.102828877598,1200.0,10800.0,8965.035891609496,8939.596521445577,6357180.876835771,5156963.584908249,8531.431532504435,160979.99718474038
hist_expensive_c1.0_n37_ge,forecast,hist_expensive,1.0,0.0,37,ge,h0_and_h18,13688562.081387602,13342351.094568158,285170.94724436,61040.039575084884,21865603.44757438,21412433.317019142,523630.4288127544,976800.5593679936,10578.61971303145,2180233.6428802162,7941.558613040408,1200.0,10800.0,10786.162812705863,10760.723521338017,6901241.315107715,5597652.516222425,10771.25748502994,167152.37393536605
hist_expensive_c0.8_n37_soft,forecast,hist_expensive,0.8,0.0,37,soft,h0_and_h18,13688562.081387602,13342351.094568158,285170.94724436,61040.039575084884,21865603.44757438,21412433.317019142,523630.4288127544,976800.5593679936,10578.61971303145,2180233.6428802162,7941.558613040408,1200.0,10800.0,10786.162812705863,10760.723521338017,6901241.315107715,5597652.516222425,10771.25748502994,167152.37393536605
hist_expensive_c0.8_n37_ge,forecast,hist_expensive,0.8,0.0,37,ge,h0_and_h18,13688562.081387602,13342351.094568158,285170.94724436,61040.039575084884,21865603.44757438,21412433.317019142,523630.4288127544,976800.5593679936,10578.61971303145,2180233.6428802162,7941.558613040408,1200.0,10800.0,10786.162812705863,10760.723521338017,6901241.315107715,5597652.516222425,10771.25748502994,167152.37393536605
hist_expensive_c1.0_n37_soft,forecast,hist_expensive,1.0,0.0,37,soft,h0_and_h18,13688562.081387602,13342351.094568158,285170.94724436,61040.039575084884,21865603.44757438,21412433.317019142,523630.4288127544,976800.5593679936,10578.61971303145,2180233.6428802162,7941.558613040408,1200.0,10800.0,10786.162812705863,10760.723521338017,6901241.315107715,5597652.516222425,10771.25748502994,167152.37393536605
hist_expensive_c0.8_n24_soft,forecast,hist_expensive,0.8,0.0,24,soft,h0_and_h18,13688586.867036521,13342351.094568158,285195.56936164957,61040.203106716144,21865603.44757438,21412428.181619193,523652.32183358324,976827.5877887699,10578.643155065749,2180231.8316866644,7941.556971101643,1200.0,10800.0,10786.162812705863,10760.723521338017,6901223.94266371,5597638.44454278,10771.25748502994,167177.1595842857
hist_expensive_c1.0_n24_soft,forecast,hist_expensive,1.0,0.0,24,soft,h0_and_h18,13688586.867036521,13342351.094568158,285195.56936164957,61040.203106716144,21865603.44757438,21412428.181619193,523652.32183358324,976827.5877887699,10578.643155065749,2180231.8316866644,7941.556971101643,1200.0,10800.0,10786.162812705863,10760.723521338017,6901223.94266371,5597638.44454278,10771.25748502994,167177.1595842857
hist_expensive_c1.0_n24_ge,forecast,hist_expensive,1.0,0.0,24,ge,h0_and_h18,13688586.867036521,13342351.094568158,285195.56936164957,61040.203106716144,21865603.44757438,21412428.181619193,523652.32183358324,976827.5877887699,10578.643155065749,2180231.8316866644,7941.556838336471,1200.0,10800.0,10786.162812705863,10760.723521338017,6901223.94266371,5597638.44454278,10771.25748502994,167177.1595842857
hist_expensive_c0.8_n24_ge,forecast,hist_expensive,0.8,0.0,24,ge,h0_and_h18,13688586.867036521,13342351.094568158,285195.56936164957,61040.203106716144,21865603.44757438,21412428.181619193,523652.32183358324,976827.5877887699,10578.643155065749,2180231.8316866644,7941.556838336471,1200.0,10800.0,10786.162812705863,10760.723521338017,6901223.94266371,5597638.44454278,10771.25748502994,167177.1595842857
hybrid_morning_c0.8_n12_ge,forecast,hybrid_morning,0.8,0.0,12,ge,h0_and_h18,13689921.073179757,13149668.325227443,483398.5423606251,56854.20559168765,21418987.64623066,21125577.093280055,729022.9524432824,1022433.5053938922,10414.187452718108,2000127.2295134012,7612.177271522524,1200.0,10800.0,8595.311344540878,8574.25244244168,6331604.538019601,5134929.981766896,7641.936919909071,168511.36572752148
hybrid_morning_c1.0_n12_ge,forecast,hybrid_morning,1.0,0.0,12,ge,h0_and_h18,13734533.122975342,13200461.209147977,482500.5526544444,51571.361172921446,21530343.395597726,21173412.42770455,690985.986246468,1047916.9541396424,9330.48488858115,2047260.4256332673,7695.710633211274,1200.0,10800.0,9199.947478747392,9174.508108583472,6336526.666655121,5140233.674661923,8529.619177982922,213123.41552310623
hist_expensive_c0.3_n12_ge,forecast,hist_expensive,0.3,0.0,12,ge,h0_and_h18,13804454.078053571,13296855.947824668,471672.050486061,35926.079742841,21757182.48092307,21270156.053853836,629320.5939074106,1116347.020976645,6522.362458853684,2108227.191313339,7867.354215465424,1200.0,10800.0,9976.094050434702,9952.786481536214,6506673.606545118,5277411.876512432,9803.646753255987,283044.37060133554
h18only_hist_morning_c0.5_n12_soft,forecast,hist_morning,0.5,0.0,12,soft,h18_only,13819683.306013484,12596819.6714,1162798.8078629328,60064.826750552435,20119389.764871024,21058225.20382108,1890029.4369074209,951193.9979573643,10933.934250267142,1923289.4381326097,7404.088629151835,1200.0,10800.0,6395.064989602174,6381.981827450169,6371647.386920869,5164967.181948798,,298273.5985612478
h18only_hist_morning_c0.5_n12_ge,forecast,hist_morning,0.5,0.0,12,ge,h18_only,13848134.699494796,12594367.604941946,1193702.267802298,60064.826750552435,20112785.761482786,21067726.82333994,1906130.3683846206,951189.3065274672,10933.934250267142,1936451.7991778487,7415.8227934559,1200.0,10800.0,6412.860208312992,6399.777046160987,6352380.3262557145,5149360.862810022,,326724.99204256013
hist_expensive_c0.5_n12_ge,forecast,hist_expensive,0.5,0.0,12,ge,h0_and_h18,13896584.75081103,13336253.484232387,526803.2962283647,33527.97035027713,21851787.276677188,21358715.210731655,661890.6094637671,1154962.6754093023,6056.677693468743,2162454.3940713066,7992.142085441592,1200.0,10800.0,10713.118124961471,10687.67875479755,6688289.863465399,5425161.864078248,10672.931038139,375175.0433587935
hist_expensive_c0.8_n12_ge,forecast,hist_expensive,0.8,0.0,12,ge,h0_and_h18,13917208.329065539,13344639.570093606,546185.0152205961,26383.74375133851,21871394.715158798,21375941.802174605,673311.7848366608,1168764.6978208574,4936.714055565547,2177359.0903629875,8004.053963374613,1200.0,10800.0,10769.281127209293,10743.841757045371,6694615.818798893,5430285.887898378,10771.25748502994,395798.6216133032
hist_expensive_c1.0_n12_ge,forecast,hist_expensive,1.0,0.0,12,ge,h0_and_h18,13917208.329065539,13344639.570093606,546185.0152205961,26383.74375133851,21871394.715158798,21375941.802174605,673311.7848366608,1168764.6978208574,4936.714055565547,2177359.0903629875,8004.053963374613,1200.0,10800.0,10769.281127209293,10743.841757045371,6694615.818798893,5430285.887898378,10771.25748502994,395798.6216133032
h18only_hist_morning_c1.0_n12_soft,forecast,hist_morning,1.0,0.0,12,soft,h18_only,14041900.146666784,12215836.845423276,1767048.0258176522,59015.275425857,19212800.193437982,21102991.54228477,2830442.433854305,940251.0850075149,10572.728511543066,1965793.983108181,7615.466702564706,1200.0,10800.0,8859.023588161566,8833.584217997646,6401199.302067069,5192618.509345601,,520490.4392145481
h18only_hist_morning_c1.0_n12_ge,forecast,hist_morning,1.0,0.0,12,ge,h18_only,14151772.466153912,12201766.887174446,1897360.5671242052,52645.01185525801,19175120.7894629,21134390.227479815,2898704.7419375814,939435.3039206667,9511.426896016586,2010987.9693692585,7669.831874669634,1200.0,10800.0,8961.052061102926,8935.612690939004,6323006.656374659,5129282.466334749,,630362.7587016765
