date,interval,price_yuan_per_kwh,load_kwh,pv_kwh,actual_net_kwh,planned_purchase_kwh,final_purchase_kwh,charge_kwh,discharge_kwh,soc_before_kwh,soc_after_kwh,emergency_kwh,spill_kwh,battery_action
2025-03-20,0:10-0:20,0.4248,549.8448166666667,0.0,549.8448166666667,1424.2430141666664,1424.2430141666664,833.3333333333333,0.0,2740.6781309222843,3490.6781309222843,0.0,41.06486416666644,充电吃盈余
2025-03-20,0:20-0:30,0.4245,570.3135,0.0,570.3135,1418.1865358333332,1418.1865358333332,833.3333333333333,0.0,3490.6781309222843,4240.678130922284,0.0,14.539702499999976,充电吃盈余
2025-03-20,0:30-0:40,0.4269,613.8516666666667,0.0,613.8516666666667,1418.059479583333,1418.059479583333,804.2078129166664,0.0,4240.678130922284,4964.465162547284,0.0,0.0,充电吃盈余
2025-03-20,0:40-0:50,0.4272,579.4561666666666,0.0,579.4561666666666,1429.6491374999998,1429.6491374999998,833.3333333333333,0.0,4964.465162547284,5714.465162547284,0.0,16.859637499999963,充电吃盈余
2025-03-20,0:50-1:00,0.4271,550.4449166666666,0.0,550.4449166666666,1431.3625108333333,1431.3625108333333,833.3333333333333,0.0,5714.465162547284,6464.465162547284,0.0,47.584260833333474,充电吃盈余
2025-03-20,1:00-1:10,0.4285,571.1566666666666,0.0,571.1566666666666,1423.2286245833332,1423.2286245833332,833.3333333333333,0.0,6464.465162547284,7214.465162547284,0.0,18.738624583333262,充电吃盈余
2025-03-20,1:10-1:20,0.4311,601.5890499999999,0.0,601.5890499999999,591.5785379166666,591.5785379166666,0.0,10.01051208333331,7214.465162547284,7203.34237134358,0.0,0.0,放电补缺口
2025-03-20,1:20-1:30,0.4302,611.48375,0.0,611.48375,1200.8115625863509,1200.8115625863509,589.3278125863509,0.0,7203.34237134358,7733.737402671296,0.0,0.0,充电吃盈余
2025-03-20,1:30-1:40,0.4279,598.2166666666667,0.0,598.2166666666667,1401.74212625,1401.74212625,803.5254595833333,0.0,7733.737402671296,8456.910316296297,0.0,0.0,充电吃盈余
2025-03-20,1:40-1:50,0.4312,583.9359499999999,0.0,583.9359499999999,577.3867929166666,577.3867929166666,0.0,6.549157083333284,8456.910316296297,8449.633475092593,0.0,0.0,放电补缺口
2025-03-20,1:50-2:00,0.4333,590.99505,0.0,590.99505,588.7676783333333,588.7676783333333,0.0,2.227371666666727,8449.633475092593,8447.158617685185,0.0,0.0,放电补缺口
2025-03-20,2:00-2:10,0.4311,598.4433333333333,0.0,598.4433333333333,593.0989583333333,593.0989583333333,0.0,5.344375000000014,8447.158617685185,8441.22042324074,0.0,0.0,放电补缺口
2025-03-20,2:10-2:20,0.4293,565.9836166666666,0.0,565.9836166666666,1412.6122237499999,1412.6122237499999,833.3333333333333,0.0,8441.22042324074,9191.22042324074,0.0,13.295273749999978,充电吃盈余
2025-03-20,2:20-2:30,0.4324,546.1207666666667,0.0,546.1207666666667,576.4837337499999,576.4837337499999,30.362967083333274,0.0,9191.22042324074,9218.54709361574,0.0,0.0,充电吃盈余
2025-03-20,2:30-2:40,0.4367,565.7133333333334,0.0,565.7133333333334,589.7649583333335,589.7649583333335,24.051625000000172,0.0,9218.54709361574,9240.19355611574,0.0,0.0,充电吃盈余
2025-03-20,2:40-2:50,0.4348,597.9265666666666,0.0,597.9265666666666,595.2393450000001,595.2393450000001,0.0,2.6872216666665736,9240.19355611574,9237.207754263889,0.0,0.0,放电补缺口
2025-03-20,2:50-3:00,0.4335,600.9544666666666,0.0,600.9544666666666,601.4688391666666,601.4688391666666,0.5143725000000359,0.0,9237.207754263889,9237.670689513889,0.0,0.0,充电吃盈余
2025-03-20,3:00-3:10,0.4357,587.1316666666667,0.0,587.1316666666667,608.2178333333333,608.2178333333333,21.0861666666666,0.0,9237.670689513889,9256.648239513888,0.0,0.0,充电吃盈余
2025-03-20,3:10-3:20,0.4374,605.2103,0.0,605.2103,588.8197783333334,588.8197783333334,0.0,16.390521666666586,9256.648239513888,9238.436548773148,0.0,0.0,放电补缺口
2025-03-20,3:20-3:30,0.4371,621.8923833333333,0.0,621.8923833333333,580.4693349999999,580.4693349999999,0.0,41.42304833333344,9238.436548773148,9192.41093951389,0.0,0.0,放电补缺口
2025-03-20,3:30-3:40,0.4356,620.1683333333333,0.0,620.1683333333333,594.65943,594.65943,0.0,25.50890333333325,9192.41093951389,9164.067713587963,0.0,0.0,放电补缺口
2025-03-20,3:40-3:50,0.4353,616.6230833333333,0.0,616.6230833333333,617.0901633333333,617.0901633333333,0.46708000000000993,0.0,9164.067713587963,9164.488085587964,0.0,0.0,充电吃盈余
2025-03-20,3:50-4:00,0.436,612.4637499999999,0.0,612.4637499999999,611.26132,611.26132,0.0,1.2024299999999357,9164.488085587964,9163.15205225463,0.0,0.0,放电补缺口
2025-03-20,4:00-4:10,0.4378,603.93,0.0,603.93,597.9337499999999,597.9337499999999,0.0,5.996250000000032,9163.15205225463,9156.48955225463,0.0,0.0,放电补缺口
2025-03-20,4:10-4:20,0.4401,589.79495,0.00031666666666666665,589.7946333333333,618.07186,618.07186,28.277226666666706,0.0,9156.48955225463,9181.93905625463,0.0,0.0,充电吃盈余
2025-03-20,4:20-4:30,0.4389,581.4640499999999,0.0,581.4640499999999,621.9436566666665,621.9436566666665,40.47960666666654,0.0,9181.93905625463,9218.37070225463,0.0,0.0,充电吃盈余
2025-03-20,4:30-4:40,0.4364,585.585,0.0,585.585,603.318075,603.318075,17.733074999999985,0.0,9218.37070225463,9234.33046975463,0.0,0.0,充电吃盈余
2025-03-20,4:40-4:50,0.4393,599.72965,0.004516666666666666,599.7251333333334,610.7749162499999,610.7749162499999,11.049782916666572,0.0,9234.33046975463,9244.27527437963,0.0,0.0,充电吃盈余
2025-03-20,4:50-5:00,0.4422,616.7393166666666,0.0,616.7393166666666,622.6541333333333,622.6541333333333,5.914816666666752,0.0,9244.27527437963,9249.598609379631,0.0,0.0,充电吃盈余
2025-03-20,5:00-5:10,0.4395,625.595,0.0,625.595,621.1555750000001,621.1555750000001,0.0,4.439424999999915,9249.598609379631,9244.665914935187,0.0,0.0,放电补缺口
2025-03-20,5:10-5:20,0.4333,619.49685,0.06293333333333333,619.4339166666666,609.2747766666666,609.2747766666666,0.0,10.15913999999998,9244.665914935187,9233.377981601854,0.0,0.0,放电补缺口
2025-03-20,5:20-5:30,0.4439,617.8444,0.0,617.8444,611.14062,611.14062,0.0,6.703779999999938,9233.377981601854,9225.92933715741,0.0,0.0,放电补缺口
2025-03-20,5:30-5:40,0.4301,607.115,0.0,607.115,1452.7275833333333,1452.7275833333333,833.3333333333333,0.0,9225.92933715741,9975.92933715741,0.0,12.279250000000047,充电吃盈余
2025-03-20,5:40-5:50,0.3713,576.3066333333334,0.8765666666666667,575.4300666666667,1446.98986,1446.98986,833.3333333333333,0.0,9975.92933715741,10725.92933715741,0.0,38.226459999999975,充电吃盈余
2025-03-20,5:50-6:00,0.5708,671.4631166666666,0.0,671.4631166666666,691.298865,691.298865,19.835748333333413,0.0,10725.92933715741,10743.781510657409,0.0,0.0,充电吃盈余
2025-03-20,6:00-6:10,0.9099,827.015,0.0,827.015,0.0,20.71476195001742,0.0,806.3002380499826,10743.781510657409,9847.89235726854,0.0,0.0,放电补缺口
2025-03-20,6:10-6:20,0.9368,817.5199666666667,25.57003333333333,791.9499333333334,0.0,0.0,0.0,791.9499333333334,9847.89235726854,8967.947986898169,0.0,0.0,放电补缺口
2025-03-20,6:20-6:30,0.8758,776.8039833333333,66.84066666666666,709.9633166666667,0.0,0.0,0.0,709.9633166666667,8967.947986898169,8179.099857268539,0.0,0.0,放电补缺口
2025-03-20,6:30-6:40,0.8759,783.9583333333333,112.58749999999999,671.3708333333333,0.0,0.0,0.0,671.3708333333333,8179.099857268539,7433.132264675947,0.0,0.0,放电补缺口
2025-03-20,6:40-6:50,0.8601,787.8168000000001,158.77193333333332,629.0448666666667,0.0,0.0,0.0,629.0448666666667,7433.132264675947,6734.193523935206,0.0,0.0,放电补缺口
2025-03-20,6:50-7:00,0.8442,803.2455499999999,217.08963333333332,586.1559166666666,0.0,0.0,0.0,586.1559166666666,6734.193523935206,6082.909172083354,0.0,0.0,放电补缺口
2025-03-20,7:0-7:10,0.8334,813.3883333333333,282.20624999999995,531.1820833333334,0.0,0.0,0.0,531.1820833333334,6082.909172083354,5492.706857268539,0.0,0.0,放电补缺口
2025-03-20,7:10-7:20,0.8092,781.5626833333333,334.9871833333333,446.57550000000003,0.0,259.9544596345813,0.0,186.6210403654187,5492.706857268539,5285.350145751408,0.0,0.0,放电补缺口
2025-03-20,7:20-7:30,0.7972,785.5607666666666,384.31915000000004,401.2416166666666,44.778123055555454,445.256757289828,44.015140623161415,0.0,5285.350145751408,5324.963772312253,0.0,0.0,充电吃盈余
2025-03-20,7:30-7:40,0.7644,804.5333333333333,434.95625,369.5770833333333,352.61874236111106,385.2668293226909,15.689745989357618,0.0,5324.963772312253,5339.084543702676,0.0,0.0,充电吃盈余
2025-03-20,7:40-7:50,0.6899,763.026,482.33579999999995,280.6902,263.7439665277779,306.2756339008672,25.5854339008672,0.0,5339.084543702676,5362.111434213456,0.0,0.0,充电吃盈余
2025-03-20,7:50-8:00,0.86,864.5061333333333,529.9280666666666,334.5780666666667,0.0,0.0,0.0,334.5780666666667,5362.111434213456,4990.358026806049,0.0,0.0,放电补缺口
2025-03-20,8:00-8:10,1.1617,1067.5983333333334,579.4187499999999,488.1795833333334,0.0,0.0,0.0,488.1795833333334,4990.358026806049,4447.936267546789,0.0,0.0,放电补缺口
2025-03-20,8:10-8:20,1.1683,1109.6747666666665,626.8709166666666,482.8038499999999,0.0,0.0,0.0,482.8038499999999,4447.936267546789,3911.4875453245672,0.0,0.0,放电补缺口
2025-03-20,8:20-8:30,1.0956,1101.1000166666665,662.7286166666667,438.3713999999999,0.0,0.0,0.0,438.3713999999999,3911.4875453245672,3424.408211991234,0.0,0.0,放电补缺口
2025-03-20,8:30-8:40,1.0849,1114.545,703.3874999999999,411.15750000000014,0.0,0.0,0.0,411.15750000000014,3424.408211991234,2967.5665453245674,0.0,0.0,放电补缺口
2025-03-20,8:40-8:50,1.061,1108.2959999999998,775.6238166666667,332.6721833333331,0.0,0.0,0.0,332.6721833333331,2967.5665453245674,2597.9307860653084,0.0,0.0,放电补缺口
2025-03-20,8:50-9:00,1.043,1117.5889166666666,839.5837833333333,278.00513333333333,0.0,0.0,0.0,278.00513333333333,2597.9307860653084,2289.0361934727157,0.0,0.0,放电补缺口
2025-03-20,9:00-9:10,1.036,1126.3016666666667,863.4812499999999,262.8204166666668,0.0,0.0,0.0,262.8204166666668,2289.0361934727157,1997.0135082875304,0.0,0.0,放电补缺口
2025-03-20,9:10-9:20,1.0147,1082.3667333333333,861.0829666666666,221.28376666666668,0.0,0.0,0.0,221.28376666666668,1997.0135082875304,1751.1426564356784,0.0,0.0,放电补缺口
2025-03-20,9:20-9:30,0.9922,1072.7398666666666,922.2214999999999,150.51836666666668,0.0,0.0,0.0,150.51836666666668,1751.1426564356784,1583.9000268060488,0.0,0.0,放电补缺口
2025-03-20,9:30-9:40,0.97,1095.1416666666667,1017.95625,77.1854166666667,0.0,0.0,0.0,77.1854166666667,1583.9000268060488,1498.1384527319747,0.0,0.0,放电补缺口
2025-03-20,9:40-9:50,0.9422,1066.5605833333334,1030.4658333333332,36.094750000000204,0.0,0.0,0.0,36.094750000000204,1498.1384527319747,1458.0331749541967,0.0,0.0,放电补缺口
2025-03-20,9:50-10:00,0.9569,1074.321683333333,1033.0643333333333,41.25734999999986,0.0,0.0,0.0,41.25734999999986,1458.0331749541967,1412.191674954197,0.0,0.0,放电补缺口
2025-03-20,10:00-10:10,0.9977,1116.2383333333332,1071.03125,45.20708333333323,0.0,0.0,0.0,45.20708333333323,1412.191674954197,1361.9615823616045,0.0,0.0,放电补缺口
2025-03-20,10:10-10:20,0.9919,1096.3326,1112.54135,-16.20875000000001,0.0,0.0,16.20875000000001,0.0,1361.9615823616045,1376.5494573616045,0.0,0.0,充电吃盈余
2025-03-20,10:20-10:30,0.9588,1074.2128666666667,1129.0006666666666,-54.787799999999834,0.0,0.0,54.787799999999834,0.0,1376.5494573616045,1425.8584773616044,0.0,0.0,充电吃盈余
2025-03-20,10:30-10:40,0.9549,1078.935,1146.5124999999998,-67.57749999999987,0.0,0.0,67.57749999999987,0.0,1425.8584773616044,1486.6782273616043,0.0,0.0,充电吃盈余
2025-03-20,10:40-10:50,0.9839,1075.7058833333333,1211.41895,-135.7130666666667,0.0,0.0,135.7130666666667,0.0,1486.6782273616043,1608.8199873616043,0.0,0.0,充电吃盈余
2025-03-20,10:50-11:00,0.799,1058.7226666666666,1242.5592333333334,-183.83656666666684,0.0,0.0,183.83656666666684,0.0,1608.8199873616043,1774.2728973616045,0.0,0.0,充电吃盈余
2025-03-20,11:00-11:10,0.5025,1046.6499999999999,1210.5,-163.85000000000014,548.5886124999997,0.0,163.85000000000014,0.0,1774.2728973616045,1921.7378973616046,0.0,0.0,充电吃盈余
2025-03-20,11:10-11:20,0.4662,1060.3406,1170.2779833333334,-109.9373833333334,569.0550787499997,569.0550787499997,678.9924620833331,0.0,1921.7378973616046,2532.8311132366043,0.0,0.0,充电吃盈余
2025-03-20,11:20-11:30,0.5007,1065.6395499999999,1175.4807,-109.8411500000002,580.2188137499999,222.7774698683581,332.61861986835834,0.0,2532.8311132366043,2832.187871118127,0.0,0.0,充电吃盈余
2025-03-20,11:30-11:40,0.4827,1060.0166666666667,1219.59375,-159.57708333333335,591.3839499999998,591.3839499999998,750.9610333333331,0.0,2832.187871118127,3508.052801118127,0.0,0.0,充电吃盈余
2025-03-20,11:40-11:50,0.4785,1070.6712666666667,1250.9388833333333,-180.26761666666653,610.8762836111109,590.7727007656441,771.0403174323106,0.0,3508.052801118127,4201.989086807206,0.0,0.0,充电吃盈余
2025-03-20,11:50-12:00,0.4662,1063.2702666666667,1272.5053833333332,-209.2351166666665,605.2791219444443,556.7182336109852,765.9533502776517,0.0,4201.989086807206,4891.347102057092,0.0,0.0,充电吃盈余
2025-03-20,12:00-12:10,0.4432,1028.0533333333333,1303.0749999999998,-275.02166666666653,584.2094708333331,572.6334733656515,833.3333333333333,0.0,4891.347102057092,5641.347102057092,0.0,14.321806698984801,充电吃盈余
2025-03-20,12:10-12:20,0.4411,993.1352666666667,1347.1565833333334,-354.02131666666673,620.3740087499999,562.8627614779825,833.3333333333333,0.0,5641.347102057092,6391.347102057092,0.0,83.55074481131601,充电吃盈余
2025-03-20,12:20-12:30,0.4551,975.87165,1348.4284499999999,-372.55679999999984,671.2347573611106,575.455617334362,833.3333333333333,0.0,6391.347102057092,7141.347102057092,0.0,114.67908400102863,充电吃盈余
2025-03-20,12:30-12:40,0.4463,980.6099999999999,1284.89375,-304.28375000000005,720.9543681944444,586.7449605505057,833.3333333333333,0.0,7141.347102057092,7891.347102057092,0.0,57.69537721717245,充电吃盈余
2025-03-20,12:40-12:50,0.4113,1001.0465666666666,1200.876,-199.82943333333333,749.1032505555554,575.6796289491689,775.5090622825022,0.0,7891.347102057092,8589.305258111344,0.0,0.0,充电吃盈余
2025-03-20,12:50-13:00,0.5682,1028.0591333333332,1201.1573666666666,-173.09823333333338,239.58234652777855,239.58234652777855,412.68057986111194,0.0,8589.305258111344,8960.717779986346,0.0,0.0,充电吃盈余
2025-03-20,13:00-13:10,0.8279,1058.5633333333333,1254.3,-195.73666666666668,46.5057949999999,0.0,195.73666666666668,0.0,8960.717779986346,9136.880779986346,0.0,0.0,充电吃盈余
2025-03-20,13:10-13:20,0.8636,1085.1036,1223.1791666666666,-138.07556666666665,83.81648111111085,0.0,138.07556666666665,0.0,9136.880779986346,9261.148789986346,0.0,0.0,充电吃盈余
2025-03-20,13:20-13:30,0.8416,1059.80525,1150.1056333333331,-90.30038333333323,95.30414722222199,0.0,90.30038333333323,0.0,9261.148789986346,9342.419134986347,0.0,0.0,充电吃盈余
2025-03-20,13:30-13:40,0.8618,1006.55,1101.6687499999998,-95.11874999999986,93.6834108333336,0.0,95.11874999999986,0.0,9342.419134986347,9428.026009986346,0.0,0.0,充电吃盈余
2025-03-20,13:40-13:50,0.8623,1004.8308,1107.0299166666666,-102.19911666666667,95.85913736111141,0.0,102.19911666666667,0.0,9428.026009986346,9520.005214986346,0.0,0.0,充电吃盈余
2025-03-20,13:50-14:00,0.9026,1029.6302166666665,1134.42295,-104.79273333333344,0.0,0.0,104.79273333333344,0.0,9520.005214986346,9614.318674986345,0.0,0.0,充电吃盈余
2025-03-20,14:00-14:10,0.9754,1046.67,1133.3249999999998,-86.65499999999975,0.0,0.0,86.65499999999975,0.0,9614.318674986345,9692.308174986345,0.0,0.0,充电吃盈余
2025-03-20,14:10-14:20,1.0002,1047.24705,1075.6022833333332,-28.355233333333217,0.0,0.0,28.355233333333217,0.0,9692.308174986345,9717.827884986345,0.0,0.0,充电吃盈余
2025-03-20,14:20-14:30,0.9978,1052.4853333333333,1033.9314333333332,18.553900000000112,0.0,0.0,0.0,18.553900000000112,9717.827884986345,9697.212440541902,0.0,0.0,放电补缺口
2025-03-20,14:30-14:40,1.0271,1058.7983333333332,1019.28125,39.517083333333176,0.0,0.0,0.0,39.517083333333176,9697.212440541902,9653.304570171531,0.0,0.0,放电补缺口
2025-03-20,14:40-14:50,1.0906,1043.2368833333333,972.9436000000001,70.29328333333319,0.0,0.0,0.0,70.29328333333319,9653.304570171531,9575.200922023383,0.0,0.0,放电补缺口
2025-03-20,14:50-15:00,0.9376,1031.6857666666665,905.3272499999999,126.35851666666656,0.0,0.0,0.0,126.35851666666656,9575.200922023383,9434.80257017153,0.0,0.0,放电补缺口
2025-03-20,15:00-15:10,0.6694,1026.1066666666666,845.4624999999999,180.6441666666667,1244.7365520833332,883.9714004333784,703.3272337667117,0.0,9434.80257017153,10067.797080561571,0.0,0.0,充电吃盈余
2025-03-20,15:10-15:20,0.66,1006.5609833333333,809.2424166666666,197.3185666666667,1280.4421016666665,1075.9413679796955,813.5587993760317,0.0,10067.797080561571,10800.0,0.0,65.0640019369971,充电吃盈余
2025-03-20,15:20-15:30,0.7217,1009.1131499999999,760.3063833333333,248.8067666666666,671.8416337928638,300.21464366232976,0.0,0.0,10800.0,10800.0,0.0,51.40787699566317,充电吃盈余
2025-03-20,15:30-15:40,0.7308,1031.28,691.1374999999999,340.14250000000004,532.1160973611114,361.41860810584365,0.0,0.0,10800.0,10800.0,0.0,21.276108105843605,充电吃盈余
2025-03-20,15:40-15:50,0.7534,1032.5620166666665,629.7797499999999,402.7822666666666,580.7655933333332,422.4563699479019,0.0,0.0,10800.0,10800.0,0.0,19.67410328123532,充电吃盈余
2025-03-20,15:50-16:00,0.7823,1031.0229333333332,578.5704833333333,452.4524499999999,609.7092449999998,459.20141273075257,0.0,0.0,10800.0,10800.0,0.0,6.74896273075268,充电吃盈余
2025-03-20,16:00-16:10,0.8055,1033.3616666666667,526.0374999999999,507.32416666666677,629.1392083333332,492.5422873109552,0.0,14.781879355711567,10800.0,10783.575689604764,0.0,0.0,放电补缺口
2025-03-20,16:10-16:20,0.8271,1025.5623833333334,463.3008333333333,562.2615500000002,662.1817413888886,545.9909278562043,0.0,16.27062214379589,10783.575689604764,10765.497220556103,0.0,0.0,放电补缺口
2025-03-20,16:20-16:30,0.8519,1016.9598666666667,417.89265,599.0672166666667,704.8380469444444,609.7750491479927,10.707832481326022,0.0,10765.497220556103,10775.134269789296,0.0,0.0,充电吃盈余
2025-03-20,16:30-16:40,0.8791,1019.8249999999999,389.06874999999997,630.7562499999999,737.0518791666667,660.5916440270997,27.628589123004428,0.0,10775.134269789296,10800.0,0.0,2.206804904095396,充电吃盈余
2025-03-20,16:40-16:50,0.9024,1034.9158166666666,346.1802666666666,688.73555,760.103899722222,704.8673054828107,0.0,0.0,10800.0,10800.0,0.0,16.131755482810718,充电吃盈余
2025-03-20,16:50-17:00,0.9163,1031.6998333333331,288.97555,742.7242833333331,792.0186145833331,755.1327386631497,0.0,0.0,10800.0,10800.0,0.0,12.408455329816547,充电吃盈余
2025-03-20,17:00-17:10,0.9264,1017.0316666666665,229.61875,787.4129166666665,830.5968354166667,819.6907391065981,0.0,0.0,10800.0,10800.0,0.0,32.27782243993158,充电吃盈余
2025-03-20,17:10-17:20,0.9462,1023.8828166666667,180.65036666666666,843.2324500000001,891.9924088888886,882.0864399437963,0.0,0.0,10800.0,10800.0,0.0,38.85398994379625,充电吃盈余
2025-03-20,17:20-17:30,0.9742,1012.5022333333333,138.64704999999998,873.8551833333333,913.9474916666668,908.2868143577516,0.0,0.0,10800.0,10800.0,0.0,34.431631024418266,充电吃盈余
2025-03-20,17:30-17:40,0.9862,1004.28,99.55624999999999,904.72375,952.5808111111116,951.0857062038492,0.0,0.0,10800.0,10800.0,0.0,46.36195620384922,充电吃盈余
2025-03-20,17:40-17:50,0.976,1035.5736,62.48285,973.09075,1029.6889438888886,1032.1931090833007,0.0,0.0,10800.0,10800.0,0.0,59.10235908330071,充电吃盈余
2025-03-20,17:50-18:00,1.0742,899.02445,26.021266666666666,873.0031833333334,940.6201598611108,949.0289188711472,0.0,0.0,10800.0,10800.0,0.0,76.02573553781383,充电吃盈余
2025-03-20,18:00-18:10,1.2313,682.3533333333332,0.0,682.3533333333332,744.0942083333334,735.941808654616,0.0,0.0,10800.0,10800.0,0.0,53.58847532128277,充电吃盈余
2025-03-20,18:10-18:20,1.2561,697.9972833333333,0.0,697.9972833333333,706.5864349999999,709.2224253696197,0.0,0.0,10800.0,10800.0,0.0,11.225142036286456,充电吃盈余
2025-03-20,18:20-18:30,1.2447,740.2377833333333,0.9295666666666667,739.3082166666666,735.5786716666667,742.9254916007899,0.0,0.0,10800.0,10800.0,0.0,3.6172749341233157,充电吃盈余
2025-03-20,18:30-18:40,1.2545,709.2416666666666,0.0,709.2416666666666,735.1404791666666,742.041547373574,0.0,0.0,10800.0,10800.0,0.0,32.7998807069074,充电吃盈余
2025-03-20,18:40-18:50,1.2522,714.4228166666667,0.0,714.4228166666667,735.6292258333333,741.7739781260335,0.0,0.0,10800.0,10800.0,0.0,27.351161459366836,充电吃盈余
2025-03-20,18:50-19:00,1.2881,745.0410666666667,0.06673333333333333,744.9743333333333,179.5240512500003,228.5449801013906,0.0,516.4293532319427,10800.0,10226.189607520064,0.0,0.0,放电补缺口
2025-03-20,19:00-19:10,1.3466,763.2066666666666,0.0,763.2066666666666,0.0,0.0,0.0,763.2066666666666,10226.189607520064,9378.182200112657,0.0,0.0,放电补缺口
2025-03-20,19:10-19:20,1.3523,746.7180333333333,0.0,746.7180333333333,0.0,0.0,0.0,746.7180333333333,9378.182200112657,8548.495496408952,0.0,0.0,放电补缺口
2025-03-20,19:20-19:30,1.3445,714.2603,0.0048,714.2555,0.0,0.0,0.0,714.2555,8548.495496408952,7754.87827418673,0.0,0.0,放电补缺口
2025-03-20,19:30-19:40,1.3483,699.4633333333333,0.0,699.4633333333333,0.0,0.0,0.0,699.4633333333333,7754.87827418673,6977.696792705248,0.0,0.0,放电补缺口
2025-03-20,19:40-19:50,1.349,721.8114,0.0,721.8114,0.0,0.0,0.0,721.8114,6977.696792705248,6175.684126038582,0.0,0.0,放电补缺口
2025-03-20,19:50-20:00,1.3473,728.4913499999999,0.00034999999999999994,728.4909999999999,0.0,0.0,0.0,728.4909999999999,6175.684126038582,5366.249681594138,0.0,0.0,放电补缺口
2025-03-20,20:00-20:10,1.3482,726.3683333333333,0.0,726.3683333333333,0.0,0.0,0.0,726.3683333333333,5366.249681594138,4559.173755668212,0.0,0.0,放电补缺口
2025-03-20,20:10-20:20,1.3513,764.3365166666667,0.0,764.3365166666667,0.0,0.0,0.0,764.3365166666667,4559.173755668212,3709.910959371916,0.0,0.0,放电补缺口
2025-03-20,20:20-20:30,1.34,753.9438166666666,0.0,753.9438166666666,0.0,0.0,0.0,753.9438166666666,3709.910959371916,2872.195607520064,0.0,0.0,放电补缺口
2025-03-20,20:30-20:40,1.3489,702.5616666666666,0.0,702.5616666666666,0.0,0.0,0.0,702.5616666666666,2872.195607520064,2091.57153344599,0.0,0.0,放电补缺口
2025-03-20,20:40-20:50,1.3952,709.3744833333333,0.0,709.3744833333333,0.0,0.0,0.0,709.3744833333333,2091.57153344599,1303.3776630756197,0.0,0.0,放电补缺口
2025-03-20,20:50-21:00,1.2226,719.8359833333334,0.0,719.8359833333334,755.5942737500001,760.2829287380127,40.446945404679354,0.0,1303.3776630756197,1339.7799139398312,0.0,0.0,充电吃盈余
2025-03-20,21:00-21:10,0.9332,709.5416666666666,0.0,709.5416666666666,758.5042329166666,764.6860258522911,55.14435918562447,0.0,1339.7799139398312,1389.4098372068931,0.0,0.0,充电吃盈余
2025-03-20,21:10-21:20,0.9068,715.0446833333333,0.0,715.0446833333333,744.2870195833333,748.8601058103648,33.81542247703146,0.0,1389.4098372068931,1419.8437174362214,0.0,0.0,充电吃盈余
2025-03-20,21:20-21:30,0.9371,736.4505999999999,0.0,736.4505999999999,734.92857125,739.4831133003279,3.0325133003279916,0.0,1419.8437174362214,1422.5729794065167,0.0,0.0,充电吃盈余
2025-03-20,21:30-21:40,0.9371,758.9333333333334,0.0,758.9333333333334,746.2573745833333,749.6031341602012,0.0,9.3301991731322,1422.5729794065167,1412.2060914363697,0.0,0.0,放电补缺口
2025-03-20,21:40-21:50,0.9871,754.3754666666666,0.0,754.3754666666666,750.1133720833333,753.2691177328477,0.0,1.1063489338189356,1412.2060914363697,1410.9768148432374,0.0,0.0,放电补缺口
2025-03-20,21:50-22:00,0.7764,666.9375333333332,0.0,666.9375333333332,668.95549,672.2043089680666,5.266775634733335,0.0,1410.9768148432374,1415.7169129144975,0.0,0.0,充电吃盈余
2025-03-20,22:00-22:10,0.4209,553.1566666666666,0.0,553.1566666666666,557.2409583333334,560.4176512687299,7.260984602063218,0.0,1415.7169129144975,1422.2517990563545,0.0,0.0,充电吃盈余
2025-03-20,22:10-22:20,0.3859,538.9014666666667,0.0,538.9014666666667,1390.5028354166666,1390.5028354166666,833.3333333333333,0.0,1422.2517990563545,2172.2517990563547,0.0,18.268035416666635,充电吃盈余
2025-03-20,22:20-22:30,0.4368,553.3285,0.0,553.3285,577.4927933333333,577.4927933333333,24.164293333333376,0.0,2172.2517990563547,2193.9996630563546,0.0,0.0,充电吃盈余
2025-03-20,22:30-22:40,0.4198,542.64,0.0,542.64,570.575955,570.575955,27.935955000000035,0.0,2193.9996630563546,2219.1420225563547,0.0,0.0,充电吃盈余
2025-03-20,22:40-22:50,0.4186,524.0220999999999,0.0,524.0220999999999,574.9255320833332,574.9255320833332,50.903432083333314,0.0,2219.1420225563547,2264.955111431355,0.0,0.0,充电吃盈余
2025-03-20,22:50-23:00,0.4241,526.9695666666667,0.0,526.9695666666667,575.5427212499999,575.5427212499999,48.573154583333235,0.0,2264.955111431355,2308.670950556355,0.0,0.0,充电吃盈余
2025-03-20,23:00-23:10,0.4237,549.4,0.0,549.4,577.8474583333333,577.8474583333333,28.447458333333316,0.0,2308.670950556355,2334.273663056355,0.0,0.0,充电吃盈余
2025-03-20,23:10-23:20,0.4248,559.40135,0.0,559.40135,593.5279829166666,593.5279829166666,34.12663291666661,0.0,2334.273663056355,2364.987632681355,0.0,0.0,充电吃盈余
2025-03-20,23:20-23:30,0.424,543.6279333333333,0.0,543.6279333333333,588.1763395833334,588.1763395833334,44.548406250000085,0.0,2364.987632681355,2405.081198306355,0.0,0.0,充电吃盈余
2025-03-20,23:30-23:40,0.422,544.6216666666667,0.0,544.6216666666667,569.7864379166665,569.7864379166665,25.16477124999983,0.0,2405.081198306355,2427.7294924313546,0.0,0.0,充电吃盈余
2025-03-20,23:40-23:50,0.424,600.6793333333333,0.0,600.6793333333333,578.5354481249999,578.5354481249999,0.0,22.14388520833336,2427.7294924313546,2403.1251755332064,0.0,0.0,放电补缺口
2025-03-20,23:50-0:00+1,0.4271,540.9781833333333,0.0,540.9781833333333,522.89058,522.89058,0.0,18.087603333333277,2403.1251755332064,2383.0278384961694,0.0,0.0,放电补缺口
2025-03-20,0:00-0:10+1,0.4276,400.16666666666663,0.0,400.16666666666663,427.09095958333324,427.09095958333324,26.924292916666616,0.0,2383.0278384961694,2407.259702121169,0.0,0.0,充电吃盈余
2025-06-21,0:10-0:20,0.4248,514.6639666666666,0.0,514.6639666666666,579.0404737499999,579.0404737499999,64.37650708333331,0.0,3145.2945978643456,3203.2334542393455,0.0,0.0,充电吃盈余
2025-06-21,0:20-0:30,0.4245,533.3486499999999,0.0,533.3486499999999,577.5808908333333,577.5808908333333,44.232240833333435,0.0,3203.2334542393455,3243.0424709893455,0.0,0.0,充电吃盈余
2025-06-21,0:30-0:40,0.4269,566.91,0.0,566.91,561.6826404166666,561.6826404166666,0.0,5.227359583333396,3243.0424709893455,3237.234293674531,0.0,0.0,放电补缺口
2025-06-21,0:40-0:50,0.4272,510.5876833333333,0.0,510.5876833333333,572.4802833333333,572.4802833333333,61.892600000000016,0.0,3237.234293674531,3292.937633674531,0.0,0.0,充电吃盈余
2025-06-21,0:50-1:00,0.4271,470.04286666666667,0.0,470.04286666666667,579.15056,579.15056,109.10769333333337,0.0,3292.937633674531,3391.1345576745307,0.0,0.0,充电吃盈余
2025-06-21,1:00-1:10,0.4285,480.56333333333333,0.0,480.56333333333333,571.8179029166666,571.8179029166666,91.2545695833333,0.0,3391.1345576745307,3473.2636702995305,0.0,0.0,充电吃盈余
2025-06-21,1:10-1:20,0.4311,478.3299333333333,0.0,478.3299333333333,554.6171979166666,554.6171979166666,76.28726458333324,0.0,3473.2636702995305,3541.9222084245303,0.0,0.0,充电吃盈余
2025-06-21,1:20-1:30,0.4302,497.63811666666663,0.0,497.63811666666663,537.2092458333333,537.2092458333333,39.57112916666665,0.0,3541.9222084245303,3577.5362246745303,0.0,0.0,充电吃盈余
2025-06-21,1:30-1:40,0.4279,527.3633333333332,0.0,527.3633333333332,518.46652,518.46652,0.0,8.896813333333284,3577.5362246745303,3567.650876526382,0.0,0.0,放电补缺口
2025-06-21,1:40-1:50,0.4312,510.8076166666666,0.0,510.8076166666666,533.7411183333332,533.7411183333332,22.933501666666643,0.0,3567.650876526382,3588.291028026382,0.0,0.0,充电吃盈余
2025-06-21,1:50-2:00,0.4333,492.3409833333333,0.0,492.3409833333333,535.0768116666667,535.0768116666667,42.73582833333336,0.0,3588.291028026382,3626.7532735263817,0.0,0.0,充电吃盈余
2025-06-21,2:00-2:10,0.4311,499.1033333333333,0.0,499.1033333333333,521.5049325,521.5049325,22.4015991666667,0.0,3626.7532735263817,3646.9147127763817,0.0,0.0,充电吃盈余
2025-06-21,2:10-2:20,0.4293,512.0669,0.0,512.0669,526.720965,526.720965,14.654064999999946,0.0,3646.9147127763817,3660.1033712763815,0.0,0.0,充电吃盈余
2025-06-21,2:20-2:30,0.4324,502.18358333333333,0.0,502.18358333333333,517.9176891666666,517.9176891666666,15.734105833333274,0.0,3660.1033712763815,3674.2640665263816,0.0,0.0,充电吃盈余
2025-06-21,2:30-2:40,0.4367,473.125,0.0,473.125,490.9177083333333,490.9177083333333,17.79270833333328,0.0,3674.2640665263816,3690.2775040263814,0.0,0.0,充电吃盈余
2025-06-21,2:40-2:50,0.4348,458.3199833333333,0.0,458.3199833333333,508.81795791666644,508.81795791666644,50.49797458333313,0.0,3690.2775040263814,3735.725681151381,0.0,0.0,充电吃盈余
2025-06-21,2:50-3:00,0.4335,470.09745,0.0,470.09745,502.5408445833333,502.5408445833333,32.443394583333315,0.0,3735.725681151381,3764.9247362763813,0.0,0.0,充电吃盈余
2025-06-21,3:00-3:10,0.4357,489.3733333333333,0.0,489.3733333333333,475.22724624999995,475.22724624999995,0.0,14.146087083333327,3764.9247362763813,3749.2068617393443,0.0,0.0,放电补缺口
2025-06-21,3:10-3:20,0.4374,486.69823333333335,0.00019999999999999998,486.69803333333334,486.30972124999994,486.30972124999994,0.0,0.3883120833334033,3749.2068617393443,3748.7754038689736,0.0,0.0,放电补缺口
2025-06-21,3:20-3:30,0.4371,491.8388,0.0,491.8388,496.78808124999995,496.78808124999995,4.949281249999956,0.0,3748.7754038689736,3753.2297569939738,0.0,0.0,充电吃盈余
2025-06-21,3:30-3:40,0.4356,496.25166666666667,0.0,496.25166666666667,488.45927458333335,488.45927458333335,0.0,7.792392083333311,3753.2297569939738,3744.5715435680477,0.0,0.0,放电补缺口
2025-06-21,3:40-3:50,0.4353,463.3829999999999,0.0026999999999999997,463.3802999999999,497.87464708333334,497.87464708333334,34.49434708333342,0.0,3744.5715435680477,3775.6164559430476,0.0,0.0,充电吃盈余
2025-06-21,3:50-4:00,0.436,454.71764999999994,0.0,454.71764999999994,505.27255666666656,505.27255666666656,50.554906666666625,0.0,3775.6164559430476,3821.1158719430478,0.0,0.0,充电吃盈余
2025-06-21,4:00-4:10,0.4378,477.03166666666664,0.0,477.03166666666664,495.5588329166667,495.5588329166667,18.52716625000005,0.0,3821.1158719430478,3837.7903215680476,0.0,0.0,充电吃盈余
2025-06-21,4:10-4:20,0.4401,474.3197,0.03771666666666666,474.28198333333336,481.0154276388888,481.0154276388888,6.733444305555452,0.0,3837.7903215680476,3843.8504214430477,0.0,0.0,充电吃盈余
2025-06-21,4:20-4:30,0.4389,458.1585,0.0,458.1585,471.04064611111113,471.04064611111113,12.882146111111126,0.0,3843.8504214430477,3855.4443529430478,0.0,0.0,充电吃盈余
2025-06-21,4:30-4:40,0.4364,446.2183333333333,0.0,446.2183333333333,467.0740883333332,467.0740883333332,20.855754999999874,0.0,3855.4443529430478,3874.2145324430476,0.0,0.0,充电吃盈余
2025-06-21,4:40-4:50,0.4393,443.4785499999999,0.5252666666666667,442.9532833333333,471.9409369444442,471.9409369444442,28.987653611110943,0.0,3874.2145324430476,3900.3034206930474,0.0,0.0,充电吃盈余
2025-06-21,4:50-5:00,0.4422,450.38674999999995,0.0,450.38674999999995,469.9296808333331,469.9296808333331,19.542930833333173,0.0,3900.3034206930474,3917.892058443047,0.0,0.0,充电吃盈余
2025-06-21,5:00-5:10,0.4395,455.38666666666666,1.2125,454.1741666666667,463.2639080555554,463.2639080555554,9.08974138888874,0.0,3917.892058443047,3926.072825693047,0.0,0.0,充电吃盈余
2025-06-21,5:10-5:20,0.4333,444.1196333333333,19.460916666666666,424.65871666666663,440.8979827777779,440.8979827777779,16.23926611111125,0.0,3926.072825693047,3940.688165193047,0.0,0.0,充电吃盈余
2025-06-21,5:20-5:30,0.4439,434.4785,43.99505,390.48345,426.78890263888894,426.78890263888894,36.30545263888894,0.0,3940.688165193047,3973.3630725680473,0.0,0.0,充电吃盈余
2025-06-21,5:30-5:40,0.4301,440.35833333333335,69.51249999999999,370.84583333333336,409.0027887499999,409.0027887499999,38.15695541666656,0.0,3973.3630725680473,4007.7043324430474,0.0,0.0,充电吃盈余
2025-06-21,5:40-5:50,0.3713,457.5106833333333,97.93268333333333,359.578,746.0632865962002,746.0632865962002,386.48528659620024,0.0,4007.7043324430474,4355.541090379627,0.0,0.0,充电吃盈余
2025-06-21,5:50-6:00,0.5708,459.67366666666663,122.63874999999999,337.0349166666666,0.0,0.0,0.0,337.0349166666666,4355.541090379627,3981.0578496388866,0.0,0.0,放电补缺口
2025-06-21,6:00-6:10,0.9099,456.93999999999994,148.45,308.48999999999995,0.0,0.0,0.0,308.48999999999995,3981.0578496388866,3638.29118297222,0.0,0.0,放电补缺口
2025-06-21,6:10-6:20,0.9368,481.45506666666665,189.49256666666668,291.9625,0.0,0.0,0.0,291.9625,3638.29118297222,3313.8884051944424,0.0,0.0,放电补缺口
2025-06-21,6:20-6:30,0.8758,488.7051666666667,242.2338,246.47136666666668,0.0,0.0,0.0,246.47136666666668,3313.8884051944424,3040.031331120368,0.0,0.0,放电补缺口
2025-06-21,6:30-6:40,0.8759,460.66999999999996,294.31874999999997,166.35125,0.0,0.0,0.0,166.35125,3040.031331120368,2855.1966088981458,0.0,0.0,放电补缺口
2025-06-21,6:40-6:50,0.8601,434.43561666666665,337.05043333333333,97.38518333333332,0.0,0.0,0.0,97.38518333333332,2855.1966088981458,2746.9908496388866,0.0,0.0,放电补缺口
2025-06-21,6:50-7:00,0.8442,477.9608166666667,391.7487166666666,86.21210000000008,0.0,0.0,0.0,86.21210000000008,2746.9908496388866,2651.1996274166645,0.0,0.0,放电补缺口
2025-06-21,7:0-7:10,0.8334,550.7116666666666,449.875,100.83666666666659,0.0,0.0,0.0,100.83666666666659,2651.1996274166645,2539.158886675924,0.0,0.0,放电补缺口
2025-06-21,7:10-7:20,0.8092,542.3861499999999,479.10384999999997,63.282299999999964,0.0,0.0,0.0,63.282299999999964,2539.158886675924,2468.8452200092574,0.0,0.0,放电补缺口
2025-06-21,7:20-7:30,0.7972,522.9324666666666,501.0047833333333,21.927683333333334,0.0,0.0,0.0,21.927683333333334,2468.8452200092574,2444.481127416665,0.0,0.0,放电补缺口
2025-06-21,7:30-7:40,0.7644,529.1416666666667,537.4812499999999,-8.33958333333328,0.0,0.0,8.33958333333328,0.0,2444.481127416665,2451.986752416665,0.0,0.0,充电吃盈余
2025-06-21,7:40-7:50,0.6899,526.62105,589.5878333333333,-62.9667833333333,0.0,0.0,62.9667833333333,0.0,2451.986752416665,2508.656857416665,0.0,0.0,充电吃盈余
2025-06-21,7:50-8:00,0.86,514.59605,630.8997666666667,-116.30371666666667,0.0,0.0,116.30371666666667,0.0,2508.656857416665,2613.330202416665,0.0,0.0,充电吃盈余
2025-06-21,8:00-8:10,1.1617,510.3933333333333,667.2375,-156.84416666666664,0.0,0.0,156.84416666666664,0.0,2613.330202416665,2754.489952416665,0.0,0.0,充电吃盈余
2025-06-21,8:10-8:20,1.1683,527.0032833333332,722.4553999999999,-195.4521166666667,0.0,0.0,195.4521166666667,0.0,2754.489952416665,2930.3968574166647,0.0,0.0,充电吃盈余
2025-06-21,8:20-8:30,1.0956,526.8320333333334,740.3005833333333,-213.46854999999994,0.0,0.0,213.46854999999994,0.0,2930.3968574166647,3122.5185524166645,0.0,0.0,充电吃盈余
2025-06-21,8:30-8:40,1.0849,506.265,726.4499999999999,-220.18499999999995,0.0,0.0,220.18499999999995,0.0,3122.5185524166645,3320.6850524166643,0.0,0.0,充电吃盈余
2025-06-21,8:40-8:50,1.061,505.16623333333337,746.6491666666667,-241.48293333333334,0.0,0.0,241.48293333333334,0.0,3320.6850524166643,3538.0196924166644,0.0,0.0,充电吃盈余
2025-06-21,8:50-9:00,1.043,548.3231666666666,778.0861,-229.76293333333342,0.0,0.0,229.76293333333342,0.0,3538.0196924166644,3744.8063324166646,0.0,0.0,充电吃盈余
2025-06-21,9:00-9:10,1.036,608.4366666666666,791.0124999999999,-182.57583333333332,0.0,0.0,182.57583333333332,0.0,3744.8063324166646,3909.1245824166645,0.0,0.0,充电吃盈余
2025-06-21,9:10-9:20,1.0147,630.9835166666667,791.1589,-160.17538333333334,0.0,0.0,160.17538333333334,0.0,3909.1245824166645,4053.2824274166646,0.0,0.0,充电吃盈余
2025-06-21,9:20-9:30,0.9922,641.6030499999999,856.5730166666667,-214.96996666666678,0.0,0.0,214.96996666666678,0.0,4053.2824274166646,4246.755397416665,0.0,0.0,充电吃盈余
2025-06-21,9:30-9:40,0.97,637.4333333333333,965.71875,-328.2854166666667,0.0,0.0,328.2854166666667,0.0,4246.755397416665,4542.212272416665,0.0,0.0,充电吃盈余
2025-06-21,9:40-9:50,0.9422,597.0597666666666,1018.178,-421.11823333333336,0.0,0.0,421.11823333333336,0.0,4542.212272416665,4921.218682416665,0.0,0.0,充电吃盈余
2025-06-21,9:50-10:00,0.9569,614.6574499999999,1064.1836333333333,-449.5261833333334,0.0,0.0,449.5261833333334,0.0,4921.218682416665,5325.792247416664,0.0,0.0,充电吃盈余
2025-06-21,10:00-10:10,0.9977,666.6899999999999,1107.25625,-440.56624999999997,0.0,0.0,440.56624999999997,0.0,5325.792247416664,5722.301872416664,0.0,0.0,充电吃盈余
2025-06-21,10:10-10:20,0.9919,637.6840166666666,1098.3148833333332,-460.63086666666663,0.0,0.0,460.63086666666663,0.0,5722.301872416664,6136.869652416664,0.0,0.0,充电吃盈余
2025-06-21,10:20-10:30,0.9588,626.9162666666666,1115.9334,-489.0171333333333,0.0,0.0,489.0171333333333,0.0,6136.869652416664,6576.9850724166645,0.0,0.0,充电吃盈余
2025-06-21,10:30-10:40,0.9549,650.3183333333333,1166.83125,-516.5129166666667,0.0,0.0,516.5129166666667,0.0,6576.9850724166645,7041.846697416664,0.0,0.0,充电吃盈余
2025-06-21,10:40-10:50,0.9839,621.1255833333332,1182.3068166666667,-561.1812333333335,0.0,0.0,561.1812333333335,0.0,7041.846697416664,7546.909807416664,0.0,0.0,充电吃盈余
2025-06-21,10:50-11:00,0.799,594.26015,1207.1864666666665,-612.9263166666666,0.0,0.0,612.9263166666666,0.0,7546.909807416664,8098.543492416664,0.0,0.0,充电吃盈余
2025-06-21,11:00-11:10,0.5025,613.2016666666666,1233.35,-620.1483333333333,0.0,0.0,620.1483333333333,0.0,8098.543492416664,8656.676992416664,0.0,0.0,充电吃盈余
2025-06-21,11:10-11:20,0.4662,657.6027666666666,1217.7636,-560.1608333333334,0.0,0.0,560.1608333333334,0.0,8656.676992416664,9160.821742416663,0.0,0.0,充电吃盈余
2025-06-21,11:20-11:30,0.5007,650.1067166666667,1297.1492333333333,-647.0425166666666,0.0,0.0,647.0425166666666,0.0,9160.821742416663,9743.160007416664,0.0,0.0,充电吃盈余
2025-06-21,11:30-11:40,0.4827,607.6266666666667,1415.0375,-807.4108333333332,0.0,0.0,807.4108333333332,0.0,9743.160007416664,10469.829757416663,0.0,0.0,充电吃盈余
2025-06-21,11:40-11:50,0.4785,617.5237833333333,1363.4527333333333,-745.92895,0.0,0.0,366.855825092597,0.0,10469.829757416663,10800.0,0.0,379.073124907403,充电吃盈余
2025-06-21,11:50-12:00,0.4662,620.7188833333332,1279.6117666666667,-658.8928833333334,0.0,0.0,0.0,0.0,10800.0,10800.0,0.0,658.8928833333334,充电吃盈余
2025-06-21,12:00-12:10,0.4432,605.18,1277.51875,-672.33875,0.0,0.0,0.0,0.0,10800.0,10800.0,0.0,672.33875,充电吃盈余
2025-06-21,12:10-12:20,0.4411,622.59025,1340.7105166666665,-718.1202666666666,0.0,0.0,0.0,0.0,10800.0,10800.0,0.0,718.1202666666666,充电吃盈余
2025-06-21,12:20-12:30,0.4551,642.0391999999999,1383.4959166666667,-741.4567166666668,0.0,0.0,0.0,0.0,10800.0,10800.0,0.0,741.4567166666668,充电吃盈余
2025-06-21,12:30-12:40,0.4463,654.76,1397.16875,-742.40875,0.0,0.0,0.0,0.0,10800.0,10800.0,0.0,742.40875,充电吃盈余
2025-06-21,12:40-12:50,0.4113,676.6507333333333,1434.2979500000001,-757.6472166666668,0.0,0.0,0.0,0.0,10800.0,10800.0,0.0,757.6472166666668,充电吃盈余
2025-06-21,12:50-13:00,0.5682,652.0988,1423.7868166666667,-771.6880166666667,0.0,0.0,0.0,0.0,10800.0,10800.0,0.0,771.6880166666667,充电吃盈余
2025-06-21,13:00-13:10,0.8279,614.6683333333333,1341.6,-726.9316666666666,0.0,0.0,0.0,0.0,10800.0,10800.0,0.0,726.9316666666666,充电吃盈余
2025-06-21,13:10-13:20,0.8636,651.7447166666666,1248.9026999999999,-597.1579833333333,0.0,0.0,0.0,0.0,10800.0,10800.0,0.0,597.1579833333333,充电吃盈余
2025-06-21,13:20-13:30,0.8416,643.7692333333333,1225.8205166666667,-582.0512833333333,0.0,0.0,0.0,0.0,10800.0,10800.0,0.0,582.0512833333333,充电吃盈余
2025-06-21,13:30-13:40,0.8618,598.2149999999999,1223.4812499999998,-625.2662499999999,0.0,0.0,0.0,0.0,10800.0,10800.0,0.0,625.2662499999999,充电吃盈余
2025-06-21,13:40-13:50,0.8623,641.5370166666667,1119.1241499999999,-477.5871333333332,0.0,0.0,0.0,0.0,10800.0,10800.0,0.0,477.5871333333332,充电吃盈余
2025-06-21,13:50-14:00,0.9026,663.0396999999999,1021.2925,-358.2528000000001,0.0,0.0,0.0,0.0,10800.0,10800.0,0.0,358.2528000000001,充电吃盈余
2025-06-21,14:00-14:10,0.9754,643.6416666666667,992.6999999999999,-349.0583333333333,0.0,0.0,0.0,0.0,10800.0,10800.0,0.0,349.0583333333333,充电吃盈余
2025-06-21,14:10-14:20,1.0002,674.6484166666667,990.2996333333333,-315.65121666666664,0.0,0.0,0.0,0.0,10800.0,10800.0,0.0,315.65121666666664,充电吃盈余
2025-06-21,14:20-14:30,0.9978,682.5380166666666,971.2156666666666,-288.67764999999997,0.0,0.0,0.0,0.0,10800.0,10800.0,0.0,288.67764999999997,充电吃盈余
2025-06-21,14:30-14:40,1.0271,667.8983333333333,956.3562499999999,-288.4579166666666,0.0,0.0,0.0,0.0,10800.0,10800.0,0.0,288.4579166666666,充电吃盈余
2025-06-21,14:40-14:50,1.0906,704.50855,994.0434499999999,-289.5348999999999,0.0,0.0,0.0,0.0,10800.0,10800.0,0.0,289.5348999999999,充电吃盈余
2025-06-21,14:50-15:00,0.9376,697.0747666666666,996.54085,-299.46608333333336,0.0,0.0,0.0,0.0,10800.0,10800.0,0.0,299.46608333333336,充电吃盈余
2025-06-21,15:00-15:10,0.6694,646.6133333333332,946.7437499999999,-300.13041666666663,0.0,0.0,0.0,0.0,10800.0,10800.0,0.0,300.13041666666663,充电吃盈余
2025-06-21,15:10-15:20,0.66,652.7055833333333,909.52565,-256.8200666666668,0.0,0.0,0.0,0.0,10800.0,10800.0,0.0,256.8200666666668,充电吃盈余
2025-06-21,15:20-15:30,0.7217,654.0566333333334,858.8448,-204.7881666666666,0.0,0.0,0.0,0.0,10800.0,10800.0,0.0,204.7881666666666,充电吃盈余
2025-06-21,15:30-15:40,0.7308,645.9166666666666,801.85,-155.9333333333334,0.0,0.0,0.0,0.0,10800.0,10800.0,0.0,155.9333333333334,充电吃盈余
2025-06-21,15:40-15:50,0.7534,689.5025833333334,780.1588666666667,-90.65628333333325,0.0,33.660683129484795,0.0,0.0,10800.0,10800.0,0.0,124.31696646281804,充电吃盈余
2025-06-21,15:50-16:00,0.7823,719.5433666666665,746.8723499999999,-27.328983333333326,85.78734236111053,85.78734236111053,0.0,0.0,10800.0,10800.0,0.0,113.11632569444386,充电吃盈余
2025-06-21,16:00-16:10,0.8055,702.905,675.9,27.004999999999995,162.42433125000008,162.42433125000008,0.0,0.0,10800.0,10800.0,0.0,135.41933125000008,充电吃盈余
2025-06-21,16:10-16:20,0.8271,672.3809666666666,593.8094166666666,78.57155,211.1350718055555,211.1350718055555,0.0,0.0,10800.0,10800.0,0.0,132.5635218055555,充电吃盈余
2025-06-21,16:20-16:30,0.8519,663.4524333333333,560.2481333333333,103.20429999999999,217.66716736111113,217.66716736111113,0.0,0.0,10800.0,10800.0,0.0,114.46286736111114,充电吃盈余
2025-06-21,16:30-16:40,0.8791,673.67,567.7624999999999,105.90750000000003,207.11164583333328,207.11164583333328,0.0,0.0,10800.0,10800.0,0.0,101.20414583333326,充电吃盈余
2025-06-21,16:40-16:50,0.9024,663.9623333333333,548.5382999999999,115.42403333333334,275.0041743055553,281.22506448802733,0.0,0.0,10800.0,10800.0,0.0,165.801031154694,充电吃盈余
2025-06-21,16:50-17:00,0.9163,603.6488499999999,494.0291666666667,109.61968333333323,267.63583763888914,280.5954206522633,0.0,0.0,10800.0,10800.0,0.0,170.97573731893004,充电吃盈余
2025-06-21,17:00-17:10,0.9264,540.05,437.26875,102.78124999999994,199.0477115277781,224.9418478961683,0.0,0.0,10800.0,10800.0,0.0,122.16059789616835,充电吃盈余
2025-06-21,17:10-17:20,0.9462,555.8345333333333,413.20709999999997,142.62743333333333,248.78881763888867,277.04437054779453,0.0,0.0,10800.0,10800.0,0.0,134.4169372144612,充电吃盈余
2025-06-21,17:20-17:30,0.9742,577.1041333333333,364.3091333333333,212.79499999999996,314.46791138888864,342.990225956234,0.0,0.0,10800.0,10800.0,0.0,130.19522595623403,充电吃盈余
2025-06-21,17:30-17:40,0.9862,580.7116666666666,291.74375,288.9679166666666,341.2714208333334,371.1583964700215,0.0,0.0,10800.0,10800.0,0.0,82.19047980335489,充电吃盈余
2025-06-21,17:40-17:50,0.976,608.2013499999999,254.73118333333332,353.4701666666666,369.4881909722218,405.67746345196554,0.0,0.0,10800.0,10800.0,0.0,52.20729678529892,充电吃盈余
2025-06-21,17:50-18:00,1.0742,600.7254833333333,218.40456666666665,382.3209166666666,427.8087641666666,452.15738585853546,0.0,0.0,10800.0,10800.0,0.0,69.83646919186884,充电吃盈余
2025-06-21,18:00-18:10,1.2313,558.2516666666667,172.34999999999997,385.9016666666667,483.46514180555596,442.85284201889283,0.0,0.0,10800.0,10800.0,0.0,56.95117535222613,充电吃盈余
2025-06-21,18:10-18:20,1.2561,545.7471333333333,143.3881,402.3590333333333,0.0,0.0,0.0,402.3590333333333,10800.0,10352.934407407407,0.0,0.0,放电补缺口
2025-06-21,18:20-18:30,1.2447,549.5005333333334,112.87578333333332,436.62475000000006,540.7346897222222,510.86848027028384,74.24373027028378,0.0,10352.934407407407,10419.753764650663,0.0,0.0,充电吃盈余
2025-06-21,18:30-18:40,1.2545,557.1316666666667,75.44999999999999,481.6816666666667,424.2849093055551,64.34646985025518,0.0,417.3351968164115,10419.753764650663,9956.047990410205,0.0,0.0,放电补缺口
2025-06-21,18:40-18:50,1.2522,576.1385666666666,46.0094,530.1291666666666,619.1815491666665,591.4537588195866,61.32459215291999,0.0,9956.047990410205,10011.240123347832,0.0,0.0,充电吃盈余
2025-06-21,18:50-19:00,1.2881,605.7608,20.306116666666664,585.4546833333334,0.0,0.0,0.0,585.4546833333334,10011.240123347832,9360.734919644128,0.0,0.0,放电补缺口
2025-06-21,19:00-19:10,1.3466,642.1199999999999,1.29375,640.8262499999998,0.0,0.0,0.0,640.8262499999998,9360.734919644128,8648.705752977461,0.0,0.0,放电补缺口
2025-06-21,19:10-19:20,1.3523,667.4907,0.0,667.4907,0.0,0.0,0.0,667.4907,8648.705752977461,7907.049419644128,0.0,0.0,放电补缺口
2025-06-21,19:20-19:30,1.3445,617.7905666666666,0.54365,617.2469166666666,0.0,0.0,0.0,617.2469166666666,7907.049419644128,7221.21951223672,0.0,0.0,放电补缺口
2025-06-21,19:30-19:40,1.3483,548.9133333333333,0.0,548.9133333333333,0.0,0.0,0.0,548.9133333333333,7221.21951223672,6611.315808533017,0.0,0.0,放电补缺口
2025-06-21,19:40-19:50,1.349,582.0875666666666,0.0,582.0875666666666,0.0,0.0,0.0,582.0875666666666,6611.315808533017,5964.551845570054,0.0,0.0,放电补缺口
2025-06-21,19:50-20:00,1.3473,581.7777833333333,0.03903333333333333,581.73875,0.0,0.0,0.0,581.73875,5964.551845570054,5318.175456681165,0.0,0.0,放电补缺口
2025-06-21,20:00-20:10,1.3482,531.6033333333332,0.0,531.6033333333332,0.0,0.0,0.0,531.6033333333332,5318.175456681165,4727.5050863107945,0.0,0.0,放电补缺口
2025-06-21,20:10-20:20,1.3513,558.0394333333334,0.0,558.0394333333334,0.0,0.0,0.0,558.0394333333334,4727.5050863107945,4107.461271495979,0.0,0.0,放电补缺口
2025-06-21,20:20-20:30,1.34,620.8675333333333,0.0027999999999999995,620.8647333333333,0.0,0.0,0.0,620.8647333333333,4107.461271495979,3417.6115677922758,0.0,0.0,放电补缺口
2025-06-21,20:30-20:40,1.3489,660.0216666666666,0.0,660.0216666666666,0.0,0.0,0.0,660.0216666666666,3417.6115677922758,2684.2541603848686,0.0,0.0,放电补缺口
2025-06-21,20:40-20:50,1.3952,646.97075,0.0,646.97075,0.0,0.0,0.0,646.97075,2684.2541603848686,1965.3977714959797,0.0,0.0,放电补缺口
2025-06-21,20:50-21:00,1.2226,585.6121499999999,0.00019999999999999998,585.61195,696.82678125,680.1967251136207,94.58477511362071,0.0,1965.3977714959797,2050.524069098238,0.0,0.0,充电吃盈余
2025-06-21,21:00-21:10,0.9332,526.72,0.0,526.72,666.7138441666665,650.0474307951177,123.32743079511772,0.0,2050.524069098238,2161.518756813844,0.0,0.0,充电吃盈余
2025-06-21,21:10-21:20,0.9068,535.7850999999999,0.0,535.7850999999999,645.3118895833334,627.9830931369675,92.19799313696751,0.0,2161.518756813844,2244.496950637115,0.0,0.0,充电吃盈余
2025-06-21,21:20-21:30,0.9371,581.5171499999999,0.0,581.5171499999999,639.2313779166668,622.8405383516404,41.32338835164046,0.0,2244.496950637115,2281.6880001535915,0.0,0.0,充电吃盈余
2025-06-21,21:30-21:40,0.9371,618.915,0.0,618.915,643.8304029166667,626.2415123663825,7.326512366382531,0.0,2281.6880001535915,2288.2818612833357,0.0,0.0,充电吃盈余
2025-06-21,21:40-21:50,0.9871,619.2412833333333,0.0,619.2412833333333,644.2509912500001,636.1736956338585,16.932412300525243,0.0,2288.2818612833357,2303.5210323538086,0.0,0.0,充电吃盈余
2025-06-21,21:50-22:00,0.7764,576.7794666666666,0.0,576.7794666666666,614.7782508333333,614.7782508333333,37.998784166666724,0.0,2303.5210323538086,2337.7199381038085,0.0,0.0,充电吃盈余
2025-06-21,22:00-22:10,0.4209,528.28,0.0,528.28,574.8768937499999,574.8768937499999,46.596893749999936,0.0,2337.7199381038085,2379.6571424788085,0.0,0.0,充电吃盈余
2025-06-21,22:10-22:20,0.3859,526.8737333333333,0.0,526.8737333333333,1400.9021974999998,1389.662044923561,833.3333333333333,0.0,2379.6571424788085,3129.6571424788085,0.0,29.454978256894492,充电吃盈余
2025-06-21,22:20-22:30,0.4368,544.7410833333333,0.0,544.7410833333333,567.9981691666667,567.9981691666667,23.25708583333335,0.0,3129.6571424788085,3150.5885197288085,0.0,0.0,充电吃盈余
2025-06-21,22:30-22:40,0.4198,552.865,0.0,552.865,567.9403937499999,567.9403937499999,15.075393749999876,0.0,3150.5885197288085,3164.1563741038085,0.0,0.0,充电吃盈余
2025-06-21,22:40-22:50,0.4186,546.83985,0.0,546.83985,584.8157974999999,584.8157974999999,37.97594749999996,0.0,3164.1563741038085,3198.3347268538087,0.0,0.0,充电吃盈余
2025-06-21,22:50-23:00,0.4241,541.7928999999999,0.0,541.7928999999999,606.4508804166666,606.4508804166666,64.65798041666665,0.0,3198.3347268538087,3256.5269092288086,0.0,0.0,充电吃盈余
2025-06-21,23:00-23:10,0.4237,531.7316666666666,0.0,531.7316666666666,595.1194999999999,595.1194999999999,63.38783333333333,0.0,3256.5269092288086,3313.5759592288086,0.0,0.0,充电吃盈余
2025-06-21,23:10-23:20,0.4248,499.8227166666666,0.0,499.8227166666666,556.138665,556.138665,56.315948333333324,0.0,3313.5759592288086,3364.2603127288085,0.0,0.0,充电吃盈余
2025-06-21,23:20-23:30,0.424,486.82904999999994,0.0,486.82904999999994,550.8352241666664,550.8352241666664,64.00617416666648,0.0,3364.2603127288085,3421.8658694788082,0.0,0.0,充电吃盈余
2025-06-21,23:30-23:40,0.422,498.2166666666667,0.0,498.2166666666667,573.9751945833333,573.9751945833333,75.7585279166666,0.0,3421.8658694788082,3490.0485446038083,0.0,0.0,充电吃盈余
2025-06-21,23:40-23:50,0.424,504.0951666666666,0.0,504.0951666666666,569.7376260416665,569.7376260416665,65.64245937499993,0.0,3490.0485446038083,3549.126758041308,0.0,0.0,充电吃盈余
2025-06-21,23:50-0:00+1,0.4271,532.2190166666667,0.0,532.2190166666667,634.91618125,634.91618125,102.69716458333335,0.0,3549.126758041308,3641.554206166308,0.0,0.0,充电吃盈余
2025-06-21,0:00-0:10+1,0.4276,606.0233333333333,0.0,606.0233333333333,740.2363260416666,740.2363260416666,134.21299270833333,0.0,3641.554206166308,3762.345899603808,0.0,0.0,充电吃盈余
2025-09-23,0:10-0:20,0.4248,570.1843333333334,0.0,570.1843333333334,1453.221097083333,1453.221097083333,833.3333333333333,0.0,2261.739959411667,3011.739959411667,0.0,49.70343041666638,充电吃盈余
2025-09-23,0:20-0:30,0.4245,560.3181833333333,0.0,560.3181833333333,1450.4068941666665,1450.4068941666665,833.3333333333333,0.0,3011.739959411667,3761.739959411667,0.0,56.755377499999895,充电吃盈余
2025-09-23,0:30-0:40,0.4269,564.7666666666667,0.0,564.7666666666667,1426.0842149999999,1426.0842149999999,833.3333333333333,0.0,3761.739959411667,4511.739959411667,0.0,27.98421499999995,充电吃盈余
2025-09-23,0:40-0:50,0.4272,598.5089166666667,0.0,598.5089166666667,1413.1169241666666,1413.1169241666666,814.6080075,0.0,4511.739959411667,5244.887166161667,0.0,0.0,充电吃盈余
2025-09-23,0:50-1:00,0.4271,606.5106499999999,0.0,606.5106499999999,1408.4115941666664,1408.4115941666664,801.9009441666665,0.0,5244.887166161667,5966.598015911666,0.0,0.0,充电吃盈余
2025-09-23,1:00-1:10,0.4285,589.77,0.0,589.77,1406.3884141666667,1406.3884141666667,816.6184141666668,0.0,5966.598015911666,6701.5545886616665,0.0,0.0,充电吃盈余
2025-09-23,1:10-1:20,0.4311,597.35335,0.0,597.35335,569.2553099999999,569.2553099999999,0.0,28.098040000000083,6701.5545886616665,6670.334544217222,0.0,0.0,放电补缺口
2025-09-23,1:20-1:30,0.4302,579.9716666666666,0.0,579.9716666666666,1405.8637633333333,1405.8637633333333,825.8920966666667,0.0,6670.334544217222,7413.637431217222,0.0,0.0,充电吃盈余
2025-09-23,1:30-1:40,0.4279,552.68,0.0,552.68,1411.9542916666667,1411.9542916666667,833.3333333333333,0.0,7413.637431217222,8163.637431217222,0.0,25.94095833333347,充电吃盈余
2025-09-23,1:40-1:50,0.4312,584.0533499999999,0.0,584.0533499999999,582.5017295833331,582.5017295833331,0.0,1.5516204166667649,8163.637431217222,8161.913408532037,0.0,0.0,放电补缺口
2025-09-23,1:50-2:00,0.4333,601.8616166666666,0.0,601.8616166666666,586.1097149999998,586.1097149999998,0.0,15.751901666666754,8161.913408532037,8144.411295569073,0.0,0.0,放电补缺口
2025-09-23,2:00-2:10,0.4311,590.6066666666666,0.0,590.6066666666666,908.5658519037033,908.5658519037033,317.95918523703676,0.0,8144.411295569073,8430.574562282407,0.0,0.0,充电吃盈余
2025-09-23,2:10-2:20,0.4293,604.56305,0.0,604.56305,1410.5424766666665,1410.5424766666665,805.9794266666665,0.0,8430.574562282407,9155.956046282407,0.0,0.0,充电吃盈余
2025-09-23,2:20-2:30,0.4324,607.79955,0.0,607.79955,573.9480174999999,573.9480174999999,0.0,33.851532500000076,9155.956046282407,9118.343232393518,0.0,0.0,放电补缺口
2025-09-23,2:30-2:40,0.4367,594.9866666666667,0.0,594.9866666666667,591.6819583333333,591.6819583333333,0.0,3.3047083333333376,9118.343232393518,9114.67133424537,0.0,0.0,放电补缺口
2025-09-23,2:40-2:50,0.4348,598.5124,0.0,598.5124,602.0101508333332,602.0101508333332,3.4977508333332707,0.0,9114.67133424537,9117.81930999537,0.0,0.0,充电吃盈余
2025-09-23,2:50-3:00,0.4335,587.2797666666667,0.0,587.2797666666667,596.7933949999999,596.7933949999999,9.513628333333259,0.0,9117.81930999537,9126.38157549537,0.0,0.0,充电吃盈余
2025-09-23,3:00-3:10,0.4357,567.005,0.0,567.005,596.0006008333332,596.0006008333332,28.995600833333242,0.0,9126.38157549537,9152.47761624537,0.0,0.0,充电吃盈余
2025-09-23,3:10-3:20,0.4374,578.4799333333333,0.0,578.4799333333333,596.4291783333333,596.4291783333333,17.94924500000002,0.0,9152.47761624537,9168.63193674537,0.0,0.0,充电吃盈余
2025-09-23,3:20-3:30,0.4371,591.0519666666667,0.0,591.0519666666667,593.2847687499999,593.2847687499999,2.2328020833332403,0.0,9168.63193674537,9170.64145862037,0.0,0.0,充电吃盈余
2025-09-23,3:30-3:40,0.4356,586.8499999999999,0.0,586.8499999999999,584.3875833333333,584.3875833333333,0.0,2.462416666666627,9170.64145862037,9167.905440101851,0.0,0.0,放电补缺口
2025-09-23,3:40-3:50,0.4353,582.1735833333332,0.0,582.1735833333332,577.3727070833332,577.3727070833332,0.0,4.8008762499999875,9167.905440101851,9162.571133157408,0.0,0.0,放电补缺口
2025-09-23,3:50-4:00,0.436,602.7533333333333,0.0,602.7533333333333,583.7289420833333,583.7289420833333,0.0,19.024391250000008,9162.571133157408,9141.432920657408,0.0,0.0,放电补缺口
2025-09-23,4:00-4:10,0.4378,623.1283333333333,0.0,623.1283333333333,602.5888587499999,602.5888587499999,0.0,20.539474583333458,9141.432920657408,9118.61128223148,0.0,0.0,放电补缺口
2025-09-23,4:10-4:20,0.4401,595.5229999999999,0.00031666666666666665,595.5226833333332,618.5990366666665,618.5990366666665,23.07635333333326,0.0,9118.61128223148,9139.38000023148,0.0,0.0,充电吃盈余
2025-09-23,4:20-4:30,0.4389,591.4709333333333,0.0,591.4709333333333,621.1927966666666,621.1927966666666,29.721863333333317,0.0,9139.38000023148,9166.12967723148,0.0,0.0,充电吃盈余
2025-09-23,4:30-4:40,0.4364,616.0716666666666,0.0,616.0716666666666,618.0364166666666,618.0364166666666,1.964749999999981,0.0,9166.12967723148,9167.89795223148,0.0,0.0,充电吃盈余
2025-09-23,4:40-4:50,0.4393,604.9007666666666,0.0044666666666666665,604.8963,621.7055120833332,621.7055120833332,16.80921208333325,0.0,9167.89795223148,9183.02624310648,0.0,0.0,充电吃盈余
2025-09-23,4:50-5:00,0.4422,600.4158166666666,0.0,600.4158166666666,613.7909520833332,613.7909520833332,13.37513541666658,0.0,9183.02624310648,9195.063864981481,0.0,0.0,充电吃盈余
2025-09-23,5:00-5:10,0.4395,618.1233333333332,0.0,618.1233333333332,596.4224354166665,596.4224354166665,0.0,21.70089791666669,9195.063864981481,9170.951756185184,0.0,0.0,放电补缺口
2025-09-23,5:10-5:20,0.4333,625.22745,0.06218333333333333,625.1652666666666,589.8210626388887,589.8210626388887,0.0,35.34420402777789,9170.951756185184,9131.680418376542,0.0,0.0,放电补缺口
2025-09-23,5:20-5:30,0.4439,614.9081333333334,0.0,614.9081333333334,627.06006,627.06006,12.151926666666668,0.0,9131.680418376542,9142.617152376542,0.0,0.0,充电吃盈余
2025-09-23,5:30-5:40,0.4301,592.9466666666666,0.0,592.9466666666666,1472.4047933333331,1472.4047933333331,833.3333333333333,0.0,9142.617152376542,9892.617152376542,0.0,46.12479333333329,充电吃盈余
2025-09-23,5:40-5:50,0.3713,584.8440666666667,0.8660166666666667,583.97805,1443.1204865277775,1443.1204865277775,833.3333333333333,0.0,9892.617152376542,10642.617152376542,0.0,25.80910319444422,充电吃盈余
2025-09-23,5:50-6:00,0.5708,666.9134333333333,0.0,666.9134333333333,674.7060291666667,674.7060291666667,7.792595833333394,0.0,10642.617152376542,10649.630488626543,0.0,0.0,充电吃盈余
2025-09-23,6:00-6:10,0.9099,790.6233333333332,0.0,790.6233333333332,0.0,0.0,0.0,790.6233333333332,10649.630488626543,9771.160118256172,0.0,0.0,放电补缺口
2025-09-23,6:10-6:20,0.9368,818.5692999999999,24.797216666666664,793.7720833333332,0.0,0.0,0.0,793.7720833333332,9771.160118256172,8889.19113677469,0.0,0.0,放电补缺口
2025-09-23,6:20-6:30,0.8758,805.3289166666666,62.66909999999999,742.6598166666666,0.0,0.0,0.0,742.6598166666666,8889.19113677469,8064.013562700617,0.0,0.0,放电补缺口
2025-09-23,6:30-6:40,0.8759,798.6999999999999,108.23125,690.4687499999999,0.0,0.0,0.0,690.4687499999999,8064.013562700617,7296.826062700617,0.0,0.0,放电补缺口
2025-09-23,6:40-6:50,0.8601,792.8847499999999,162.3007333333333,630.5840166666667,0.0,0.0,0.0,630.5840166666667,7296.826062700617,6596.17715529321,0.0,0.0,放电补缺口
2025-09-23,6:50-7:00,0.8442,792.5254333333334,207.64328333333333,584.88215,0.0,0.0,0.0,584.88215,6596.17715529321,5946.308099737654,0.0,0.0,放电补缺口
2025-09-23,7:0-7:10,0.8334,798.175,251.9625,546.2125,0.0,0.0,0.0,546.2125,5946.308099737654,5339.405321959876,0.0,0.0,放电补缺口
2025-09-23,7:10-7:20,0.8092,802.7136666666667,317.9908333333333,484.72283333333337,0.0,192.35451644537227,0.0,292.3683168879611,5339.405321959876,5014.551636528809,0.0,0.0,放电补缺口
2025-09-23,7:20-7:30,0.7972,797.7029833333332,372.39463333333333,425.3083499999999,425.31157986111333,473.7678009474909,48.45945094749101,0.0,5014.551636528809,5058.16514238155,0.0,0.0,充电吃盈余
2025-09-23,7:30-7:40,0.7644,776.7516666666667,415.43125,361.3204166666667,397.9246458333335,409.9860624505783,48.6656457839116,0.0,5058.16514238155,5101.964223587071,0.0,0.0,充电吃盈余
2025-09-23,7:40-7:50,0.6899,767.8136999999999,482.3454333333333,285.46826666666664,302.6129527777779,314.9667429945138,29.498476327847186,0.0,5101.964223587071,5128.512852282133,0.0,0.0,充电吃盈余
2025-09-23,7:50-8:00,0.86,914.9736166666667,557.2434,357.7302166666667,0.0,0.0,0.0,357.7302166666667,5128.512852282133,4731.034833763615,0.0,0.0,放电补缺口
2025-09-23,8:00-8:10,1.1617,1116.8433333333332,625.51875,491.3245833333333,0.0,0.0,0.0,491.3245833333333,4731.034833763615,4185.118630059911,0.0,0.0,放电补缺口
2025-09-23,8:10-8:20,1.1683,1110.83115,686.6041499999999,424.2270000000001,0.0,0.0,0.0,424.2270000000001,4185.118630059911,3713.755296726578,0.0,0.0,放电补缺口
2025-09-23,8:20-8:30,1.0956,1078.2838,737.98415,340.29964999999993,0.0,0.0,0.0,340.29964999999993,3713.755296726578,3335.6445745043557,0.0,0.0,放电补缺口
2025-09-23,8:30-8:40,1.0849,1105.995,783.1062499999999,322.88874999999996,0.0,0.0,0.0,322.88874999999996,3335.6445745043557,2976.879296726578,0.0,0.0,放电补缺口
2025-09-23,8:40-8:50,1.061,1100.0135833333334,832.8488333333332,267.16475000000014,0.0,0.0,0.0,267.16475000000014,2976.879296726578,2680.029574504356,0.0,0.0,放电补缺口
2025-09-23,8:50-9:00,1.043,1077.07055,900.0535666666666,177.01698333333331,0.0,0.0,0.0,177.01698333333331,2680.029574504356,2483.3440374673187,0.0,0.0,放电补缺口
2025-09-23,9:00-9:10,1.036,1071.2616666666665,967.975,103.28666666666652,0.0,0.0,0.0,103.28666666666652,2483.3440374673187,2368.581074504356,0.0,0.0,放电补缺口
2025-09-23,9:10-9:20,1.0147,1091.9557166666666,1003.4251833333333,88.53053333333332,0.0,0.0,0.0,88.53053333333332,2368.581074504356,2270.2138152450966,0.0,0.0,放电补缺口
2025-09-23,9:20-9:30,0.9922,1101.9716166666667,1026.5778833333334,75.39373333333333,0.0,0.0,0.0,75.39373333333333,2270.2138152450966,2186.4430004302817,0.0,0.0,放电补缺口
2025-09-23,9:30-9:40,0.97,1097.4033333333332,1051.0437499999998,46.359583333333376,0.0,0.0,0.0,46.359583333333376,2186.4430004302817,2134.9323522821337,0.0,0.0,放电补缺口
2025-09-23,9:40-9:50,0.9422,1104.6482166666665,1070.56755,34.0806666666665,0.0,0.0,0.0,34.0806666666665,2134.9323522821337,2097.0649448747263,0.0,0.0,放电补缺口
2025-09-23,9:50-10:00,0.9569,1094.5292666666664,1080.5508333333332,13.978433333333214,0.0,0.0,0.0,13.978433333333214,2097.0649448747263,2081.533352282134,0.0,0.0,放电补缺口
2025-09-23,10:00-10:10,0.9977,1075.9933333333333,1081.2937499999998,-5.300416666666479,0.0,0.0,5.300416666666479,0.0,2081.533352282134,2086.303727282134,0.0,0.0,充电吃盈余
2025-09-23,10:10-10:20,0.9919,1087.8485333333333,1084.4595666666667,3.388966666666647,0.0,0.0,0.0,3.388966666666647,2086.303727282134,2082.5382087636153,0.0,0.0,放电补缺口
2025-09-23,10:20-10:30,0.9588,1081.4083166666665,1127.3218833333333,-45.91356666666684,0.0,0.0,45.91356666666684,0.0,2082.5382087636153,2123.8604187636156,0.0,0.0,充电吃盈余
2025-09-23,10:30-10:40,0.9549,1056.0183333333332,1189.9499999999998,-133.93166666666662,0.0,0.0,133.93166666666662,0.0,2123.8604187636156,2244.3989187636157,0.0,0.0,充电吃盈余
2025-09-23,10:40-10:50,0.9839,1062.8238666666666,1209.6129166666665,-146.78904999999986,0.0,0.0,146.78904999999986,0.0,2244.3989187636157,2376.509063763616,0.0,0.0,充电吃盈余
2025-09-23,10:50-11:00,0.799,1078.9491166666667,1206.7621833333333,-127.8130666666666,0.0,0.0,127.8130666666666,0.0,2376.509063763616,2491.5408237636157,0.0,0.0,充电吃盈余
2025-09-23,11:00-11:10,0.5025,1078.4266666666667,1226.6125,-148.18583333333322,769.743358333333,525.8189717171418,674.004805050475,0.0,2491.5408237636157,3098.145148309043,0.0,0.0,充电吃盈余
2025-09-23,11:10-11:20,0.4662,1059.5224333333333,1297.4641499999998,-237.94171666666648,733.2563827777778,689.9881159675062,833.3333333333333,0.0,3098.145148309043,3848.145148309043,0.0,94.59649930083947,充电吃盈余
2025-09-23,11:20-11:30,0.5007,1051.7829166666666,1368.281433333333,-316.49851666666655,683.080054027778,650.6318605640548,833.3333333333333,0.0,3848.145148309043,4598.145148309043,0.0,133.7970438973881,充电吃盈余
2025-09-23,11:30-11:40,0.4827,1071.92,1399.9562499999997,-328.03624999999965,624.5538351388889,604.2769908046153,833.3333333333333,0.0,4598.145148309043,5348.145148309043,0.0,98.97990747128165,充电吃盈余
2025-09-23,11:40-11:50,0.4785,1100.6726166666667,1396.6131666666665,-295.9405499999998,574.8428545833334,566.666294574195,833.3333333333333,0.0,5348.145148309043,6098.145148309043,0.0,29.27351124086158,充电吃盈余
2025-09-23,11:50-12:00,0.4662,1061.9253666666666,1405.9018166666667,-343.9764500000001,493.30642444444453,493.30642444444453,833.3333333333333,0.0,6098.145148309043,6848.145148309043,0.0,3.94954111111133,充电吃盈余
2025-09-23,12:00-12:10,0.4432,982.2816666666665,1435.59375,-453.3120833333335,395.2250333333333,0.0,453.3120833333335,0.0,6848.145148309043,7256.126023309043,0.0,0.0,充电吃盈余
2025-09-23,12:10-12:20,0.4411,969.2598833333333,1448.3985833333331,-479.13869999999986,405.4996266666665,0.0,479.13869999999986,0.0,7256.126023309043,7687.3508533090435,0.0,0.0,充电吃盈余
2025-09-23,12:20-12:30,0.4551,988.3075333333333,1430.2115666666664,-441.90403333333313,441.54318499999965,0.0,441.90403333333313,0.0,7687.3508533090435,8085.064483309044,0.0,0.0,充电吃盈余
2025-09-23,12:30-12:40,0.4463,993.0716666666667,1414.0812499999997,-421.009583333333,482.3451583333332,0.0,421.009583333333,0.0,8085.064483309044,8463.973108309043,0.0,0.0,充电吃盈余
2025-09-23,12:40-12:50,0.4113,980.4257666666667,1440.8882833333332,-460.4625166666665,548.4084616666667,374.82452597462265,833.3333333333333,0.0,8463.973108309043,9213.973108309043,0.0,1.9537093079559327,充电吃盈余
2025-09-23,12:50-13:00,0.5682,1015.2651999999999,1424.444,-409.1788,140.6602261111137,0.0,409.1788,0.0,9213.973108309043,9582.234028309043,0.0,0.0,充电吃盈余
2025-09-23,13:00-13:10,0.8279,1068.0883333333331,1355.8562499999998,-287.7679166666667,0.0,0.0,287.7679166666667,0.0,9582.234028309043,9841.225153309044,0.0,0.0,充电吃盈余
2025-09-23,13:10-13:20,0.8636,1042.2472166666666,1314.1581333333334,-271.9109166666667,0.0,0.0,271.9109166666667,0.0,9841.225153309044,10085.944978309044,0.0,0.0,充电吃盈余
2025-09-23,13:20-13:30,0.8416,1013.4041833333333,1292.3498,-278.94561666666664,0.0,0.0,278.94561666666664,0.0,10085.944978309044,10336.996033309044,0.0,0.0,充电吃盈余
2025-09-23,13:30-13:40,0.8618,1019.2716666666666,1267.88125,-248.60958333333326,0.0,0.0,248.60958333333326,0.0,10336.996033309044,10560.744658309044,0.0,0.0,充电吃盈余
2025-09-23,13:40-13:50,0.8623,1026.9902333333332,1232.4264166666667,-205.43618333333347,0.0,0.0,205.43618333333347,0.0,10560.744658309044,10745.637223309044,0.0,0.0,充电吃盈余
2025-09-23,13:50-14:00,0.9026,1048.6416333333332,1204.69615,-156.0545166666668,0.0,0.0,60.40308521217311,0.0,10745.637223309044,10800.0,0.0,95.6514314544937,充电吃盈余
2025-09-23,14:00-14:10,0.9754,1068.2549999999999,1182.4937499999999,-114.23874999999998,0.0,0.0,0.0,0.0,10800.0,10800.0,0.0,114.23874999999998,充电吃盈余
2025-09-23,14:10-14:20,1.0002,1049.77675,1139.6694666666667,-89.89271666666673,0.0,0.0,0.0,0.0,10800.0,10800.0,0.0,89.89271666666673,充电吃盈余
2025-09-23,14:20-14:30,0.9978,1035.4709833333332,1065.57745,-30.106466666666847,0.0,0.0,0.0,0.0,10800.0,10800.0,0.0,30.106466666666847,充电吃盈余
2025-09-23,14:30-14:40,1.0271,1039.4333333333334,975.675,63.75833333333344,0.0,0.0,0.0,63.75833333333344,10800.0,10729.157407407407,0.0,0.0,放电补缺口
2025-09-23,14:40-14:50,1.0906,1036.1879,898.9024333333333,137.2854666666666,0.0,0.0,0.0,137.2854666666666,10729.157407407407,10576.618,0.0,0.0,放电补缺口
2025-09-23,14:50-15:00,0.9376,1034.3812666666665,831.80015,202.5811166666665,0.0,0.0,0.0,202.5811166666665,10576.618,10351.527870370372,0.0,0.0,放电补缺口
2025-09-23,15:00-15:10,0.6694,1043.78,793.6062499999999,250.17375000000004,318.5280020833338,257.38484696726846,7.211096967268418,0.0,10351.527870370372,10358.017857640913,0.0,0.0,充电吃盈余
2025-09-23,15:10-15:20,0.66,1062.8975166666667,807.0136666666667,255.88384999999994,1150.8556648576798,741.5580151021248,485.6741651021249,0.0,10358.017857640913,10795.124606232825,0.0,0.0,充电吃盈余
2025-09-23,15:20-15:30,0.7217,1076.8336166666666,789.0494166666667,287.7841999999998,382.10586791666674,332.74308481664843,5.417104185750456,0.0,10795.124606232825,10800.0,0.0,39.54178063089815,充电吃盈余
2025-09-23,15:30-15:40,0.7308,1063.7416666666666,736.20625,327.5354166666666,438.6061541666665,392.8035837844693,0.0,0.0,10800.0,10800.0,0.0,65.2681671178027,充电吃盈余
2025-09-23,15:40-15:50,0.7534,1020.0329333333334,717.7256666666667,302.3072666666667,467.9383947222219,424.15746838508124,0.0,0.0,10800.0,10800.0,0.0,121.85020171841455,充电吃盈余
2025-09-23,15:50-16:00,0.7823,1025.60495,672.6557666666666,352.9491833333333,472.6106327777776,433.7826816141199,0.0,0.0,10800.0,10800.0,0.0,80.83349828078661,充电吃盈余
2025-09-23,16:00-16:10,0.8055,1084.195,590.6125,493.5825,489.92381958333374,454.99900587956785,0.0,38.583494120432135,10800.0,10757.129450977298,0.0,0.0,放电补缺口
2025-09-23,16:10-16:20,0.8271,1117.4951999999998,528.06255,589.4326499999999,561.8472404166662,536.9337980957873,0.0,52.49885190421253,10757.129450977298,10698.797393305951,0.0,0.0,放电补缺口
2025-09-23,16:20-16:30,0.8519,1108.5640166666667,472.75036666666665,635.81365,634.8482001388887,610.8373167628795,0.0,24.97633323712057,10698.797393305951,10671.045911931373,0.0,0.0,放电补缺口
2025-09-23,16:30-16:40,0.8791,1085.4916666666666,417.25624999999997,668.2354166666667,677.5184208333332,667.7389126014745,0.0,0.49650406519219814,10671.045911931373,10670.494240747827,0.0,0.0,放电补缺口
2025-09-23,16:40-16:50,0.9024,1086.1258833333331,369.77834999999993,716.3475333333332,721.8877286111103,719.868449668378,3.5209163350448307,0.0,10670.494240747827,10673.663065449367,0.0,0.0,充电吃盈余
2025-09-23,16:50-17:00,0.9163,1075.4214333333332,310.59875,764.8226833333332,785.237769722222,789.5779426999109,24.75525936657766,0.0,10673.663065449367,10695.942798879287,0.0,0.0,充电吃盈余
2025-09-23,17:00-17:10,0.9264,1058.2849999999999,244.23125,814.0537499999998,856.0460763888896,862.7683980803707,48.71464808037092,0.0,10695.942798879287,10739.785982151621,0.0,0.0,充电吃盈余
2025-09-23,17:10-17:20,0.9462,1073.5455166666666,196.45853333333332,877.0869833333333,879.2935030555556,885.5062062361047,8.41922290277148,0.0,10739.785982151621,10747.363282764116,0.0,0.0,充电吃盈余
2025-09-23,17:20-17:30,0.9742,1066.3225166666666,152.9859,913.3366166666666,899.0581647222225,906.2938735148332,0.0,7.042743151833406,10747.363282764116,10739.538012595413,0.0,0.0,放电补缺口
2025-09-23,17:30-17:40,0.9862,1061.415,105.03125,956.38375,950.7526243055557,962.5365620742864,6.15281207428643,0.0,10739.538012595413,10745.07554346227,0.0,0.0,充电吃盈余
2025-09-23,17:40-17:50,0.976,1111.2723333333333,59.409666666666666,1051.8626666666667,1024.5069947222223,1040.2816704229822,0.0,11.580996243684467,10745.07554346227,10732.207769858176,0.0,0.0,放电补缺口
2025-09-23,17:50-18:00,1.0742,981.0726333333333,21.907316666666667,959.1653166666666,948.652386388889,967.3794631326009,8.214146465934277,0.0,10732.207769858176,10739.600501677516,0.0,0.0,充电吃盈余
2025-09-23,18:00-18:10,1.2313,752.645,0.0,752.645,803.580982638889,853.4661966176324,67.11055369164872,0.0,10739.600501677516,10800.0,0.0,33.71064292598366,充电吃盈余
2025-09-23,18:10-18:20,1.2561,764.3298499999999,0.0,764.3298499999999,771.7584658333335,827.7942079603023,0.0,0.0,10800.0,10800.0,0.0,63.464357960302436,充电吃盈余
2025-09-23,18:20-18:30,1.2447,830.9645,0.7372333333333333,830.2272666666668,803.5834494444442,844.8042251180233,0.0,0.0,10800.0,10800.0,0.0,14.576958451356518,充电吃盈余
2025-09-23,18:30-18:40,1.2545,834.4166666666666,0.0,834.4166666666666,800.3086944444442,831.6220158195226,0.0,2.7946508471439984,10800.0,10796.894832392063,0.0,0.0,放电补缺口
2025-09-23,18:40-18:50,1.2522,836.15965,0.0,836.15965,808.1521311111109,839.5125422792473,3.3528922792472713,0.0,10796.894832392063,10799.912435443386,0.0,0.0,充电吃盈余
2025-09-23,18:50-19:00,1.2881,810.4176333333332,0.05293333333333333,810.3646999999999,796.6307416666666,830.6894805293019,0.09729395179318898,0.0,10799.912435443386,10800.0,0.0,20.227486577508884,充电吃盈余
2025-09-23,19:00-19:10,1.3466,777.4266666666667,0.0,777.4266666666667,0.0,0.0,0.0,777.4266666666667,10800.0,9936.192592592593,0.0,0.0,放电补缺口
2025-09-23,19:10-19:20,1.3523,799.0988833333333,0.0,799.0988833333333,0.0,0.0,0.0,799.0988833333333,9936.192592592593,9048.304944444446,0.0,0.0,放电补缺口
2025-09-23,19:20-19:30,1.3445,825.5996666666666,0.0038,825.5958666666667,0.0,6.498282964298596,0.0,819.0975837023681,9048.304944444446,8138.1965181084815,0.0,0.0,放电补缺口
2025-09-23,19:30-19:40,1.3483,817.8166666666666,0.0,817.8166666666666,0.0,0.0,0.0,817.8166666666666,8138.1965181084815,7229.511332923296,0.0,0.0,放电补缺口
2025-09-23,19:40-19:50,1.349,786.83635,0.0,786.83635,0.0,6.744155493374365,0.0,780.0921945066257,7229.511332923296,6362.742227915935,0.0,0.0,放电补缺口
2025-09-23,19:50-20:00,1.3473,784.2191666666665,0.0002666666666666667,784.2188999999998,0.0,3.38057307618908,0.0,780.8383269238108,6362.742227915935,5495.144086889478,0.0,0.0,放电补缺口
2025-09-23,20:00-20:10,1.3482,811.9116666666666,0.0,811.9116666666666,0.0,0.0,0.0,811.9116666666666,5495.144086889478,4593.020012815404,0.0,0.0,放电补缺口
2025-09-23,20:10-20:20,1.3513,827.1781166666666,0.0,827.1781166666666,0.0,0.0,0.0,827.1781166666666,4593.020012815404,3673.9332165191076,0.0,0.0,放电补缺口
2025-09-23,20:20-20:30,1.34,843.5677000000001,0.0,843.5677000000001,128.68653499999982,451.24667537861353,0.0,392.3210246213865,3673.9332165191076,3238.020966939789,0.0,0.0,放电补缺口
2025-09-23,20:30-20:40,1.3489,839.7083333333333,0.0,839.7083333333333,0.0,0.0,0.0,833.3333333333333,3238.020966939789,2312.095041013863,6.375,0.0,放电补缺口
2025-09-23,20:40-20:50,1.3952,784.8952833333333,0.0,784.8952833333333,0.0,0.0,0.0,784.8952833333333,2312.095041013863,1439.9891706434928,0.0,0.0,放电补缺口
2025-09-23,20:50-21:00,1.2226,801.6618,0.0,801.6618,793.4055454166665,816.7818252834758,15.120025283475798,0.0,1439.9891706434928,1453.5971933986211,0.0,0.0,充电吃盈余
2025-09-23,21:00-21:10,0.9332,869.2166666666667,0.0,869.2166666666667,785.094287083333,806.41103700977,0.0,62.80562965689671,1453.5971933986211,1383.8131604465136,0.0,0.0,放电补缺口
2025-09-23,21:10-21:20,0.9068,842.5243833333334,0.0,842.5243833333334,802.4157291666664,822.4177517380856,0.0,20.10663159524779,1383.8131604465136,1361.472458674016,0.0,0.0,放电补缺口
2025-09-23,21:20-21:30,0.9371,804.5951833333334,0.0,804.5951833333334,792.5344758333333,812.6022367220958,8.007053388762415,0.0,1361.472458674016,1368.6788067239022,0.0,0.0,充电吃盈余
2025-09-23,21:30-21:40,0.9371,813.3816666666667,0.0,813.3816666666667,772.2742499999999,793.0066311746323,0.0,20.375035492034385,1368.6788067239022,1346.0398783994196,0.0,0.0,放电补缺口
2025-09-23,21:40-21:50,0.9871,829.8691333333333,0.0,829.8691333333333,797.3822433333333,818.1094808267728,0.0,11.759652506560428,1346.0398783994196,1332.9735978365748,0.0,0.0,放电补缺口
2025-09-23,21:50-22:00,0.7764,768.1864999999999,0.0,768.1864999999999,736.0468683333332,756.9283438915843,0.0,11.25815610841562,1332.9735978365748,1320.4645354938907,0.0,0.0,放电补缺口
2025-09-23,22:00-22:10,0.4209,639.2433333333333,0.0,639.2433333333333,614.1224166666668,630.160417600187,0.0,9.082915733146365,1320.4645354938907,1310.3724069015059,0.0,0.0,放电补缺口
2025-09-23,22:10-22:20,0.3859,553.4415666666666,0.0,553.4415666666666,1433.565294583333,1433.565294583333,833.3333333333333,0.0,1310.3724069015059,2060.372406901506,0.0,46.79039458333318,充电吃盈余
2025-09-23,22:20-22:30,0.4368,582.6785666666666,0.0,582.6785666666666,607.4031454166668,607.4031454166668,24.724578750000205,0.0,2060.372406901506,2082.6245277765065,0.0,0.0,充电吃盈余
2025-09-23,22:30-22:40,0.4198,647.2066666666666,0.0,647.2066666666666,590.2006666666666,590.2006666666666,0.0,57.00599999999997,2082.6245277765065,2019.2845277765066,0.0,0.0,放电补缺口
2025-09-23,22:40-22:50,0.4186,596.69985,0.0,596.69985,602.7991033333333,602.7991033333333,6.0992533333333085,0.0,2019.2845277765066,2024.7738557765065,0.0,0.0,充电吃盈余
2025-09-23,22:50-23:00,0.4241,555.3522833333333,0.0,555.3522833333333,613.8242949999999,613.8242949999999,58.47201166666662,0.0,2024.7738557765065,2077.3986662765064,0.0,0.0,充电吃盈余
2025-09-23,23:00-23:10,0.4237,569.3499999999999,0.0,569.3499999999999,606.0537033333333,606.0537033333333,36.70370333333335,0.0,2077.3986662765064,2110.4319992765063,0.0,0.0,充电吃盈余
2025-09-23,23:10-23:20,0.4248,564.6558666666666,0.0,564.6558666666666,597.4546166666667,597.4546166666667,32.79875000000004,0.0,2110.4319992765063,2139.9508742765065,0.0,0.0,充电吃盈余
2025-09-23,23:20-23:30,0.424,576.5015666666666,0.0,576.5015666666666,593.38557375,593.38557375,16.884007083333472,0.0,2139.9508742765065,2155.146480651507,0.0,0.0,充电吃盈余
2025-09-23,23:30-23:40,0.422,610.3249999999999,0.0,610.3249999999999,585.7496666666666,585.7496666666666,0.0,24.575333333333333,2155.146480651507,2127.840554725581,0.0,0.0,放电补缺口
2025-09-23,23:40-23:50,0.424,617.0672999999999,0.0,617.0672999999999,587.895409375,587.895409375,0.0,29.171890624999946,2127.840554725581,2095.4273429200257,0.0,0.0,放电补缺口
2025-09-23,23:50-0:00+1,0.4271,568.2980833333334,0.0,568.2980833333334,601.4958304166666,601.4958304166666,33.1977470833333,0.0,2095.4273429200257,2125.3053152950256,0.0,0.0,充电吃盈余
2025-09-23,0:00-0:10+1,0.4276,524.6016666666667,0.0,524.6016666666667,606.901724375,606.901724375,82.30005770833327,0.0,2125.3053152950256,2199.3753672325256,0.0,0.0,充电吃盈余
2025-12-21,0:10-0:20,0.4248,596.0177166666666,0.0,596.0177166666666,1450.3241656249998,1450.3241656249998,833.3333333333333,0.0,2855.7235036604347,3605.7235036604347,0.0,20.973115624999878,充电吃盈余
2025-12-21,0:20-0:30,0.4245,589.6451666666667,0.0,589.6451666666667,1436.0698491666667,1436.0698491666667,833.3333333333333,0.0,3605.7235036604347,4355.723503660434,0.0,13.09134916666676,充电吃盈余
2025-12-21,0:30-0:40,0.4269,578.6833333333333,0.0,578.6833333333333,1450.0347760416666,1450.0347760416666,833.3333333333333,0.0,4355.723503660434,5105.723503660434,0.0,38.01810937500011,充电吃盈余
2025-12-21,0:40-0:50,0.4272,564.7100333333333,0.0,564.7100333333333,1471.85835125,1471.85835125,833.3333333333333,0.0,5105.723503660434,5855.723503660434,0.0,73.8149845833334,充电吃盈余
2025-12-21,0:50-1:00,0.4271,549.9038833333333,0.0,549.9038833333333,1483.3321191666666,1483.3321191666666,833.3333333333333,0.0,5855.723503660434,6605.723503660434,0.0,100.0949025000001,充电吃盈余
2025-12-21,1:00-1:10,0.4285,558.21,0.0,558.21,1472.2750675,1472.2750675,833.3333333333333,0.0,6605.723503660434,7355.723503660434,0.0,80.73173416666668,充电吃盈余
2025-12-21,1:10-1:20,0.4311,610.3485166666667,0.0,610.3485166666667,624.6620108333334,624.6620108333334,14.313494166666715,0.0,7355.723503660434,7368.605648410435,0.0,0.0,充电吃盈余
2025-12-21,1:20-1:30,0.4302,633.23595,0.0,633.23595,1125.5709010717396,1125.5709010717396,492.3349510717396,0.0,7368.605648410435,7811.707104375,0.0,0.0,充电吃盈余
2025-12-21,1:30-1:40,0.4279,622.6966666666666,0.0,622.6966666666666,1492.0824908333334,1492.0824908333334,833.3333333333333,0.0,7811.707104375,8561.707104375,0.0,36.052490833333536,充电吃盈余
2025-12-21,1:40-1:50,0.4312,637.4892666666666,0.0,637.4892666666666,648.9760154166667,648.9760154166667,11.48674875000006,0.0,8561.707104375,8572.04517825,0.0,0.0,充电吃盈余
2025-12-21,1:50-2:00,0.4333,622.3679999999999,0.0,622.3679999999999,643.7965320833333,643.7965320833333,21.42853208333338,0.0,8572.04517825,8591.330857125,0.0,0.0,充电吃盈余
2025-12-21,2:00-2:10,0.4311,597.8583333333333,0.0,597.8583333333333,652.7227670833332,652.7227670833332,54.864433749999876,0.0,8591.330857125,8640.7088475,0.0,0.0,充电吃盈余
2025-12-21,2:10-2:20,0.4293,642.7462333333333,0.0,642.7462333333333,1488.5592824999999,1488.5592824999999,833.3333333333333,0.0,8640.7088475,9390.7088475,0.0,12.47971583333333,充电吃盈余
2025-12-21,2:20-2:30,0.4324,653.8691166666666,0.0,653.8691166666666,664.4977908333333,664.4977908333333,10.628674166666656,0.0,9390.7088475,9400.27465425,0.0,0.0,充电吃盈余
2025-12-21,2:30-2:40,0.4367,621.75,0.0,621.75,681.5444883333332,681.5444883333332,59.79448833333322,0.0,9400.27465425,9454.08969375,0.0,0.0,充电吃盈余
2025-12-21,2:40-2:50,0.4348,636.6433333333333,0.0,636.6433333333333,687.4254170833335,687.4254170833335,50.7820837500002,0.0,9454.08969375,9499.793569125,0.0,0.0,充电吃盈余
2025-12-21,2:50-3:00,0.4335,631.9107333333333,0.0,631.9107333333333,677.3873504166668,677.3873504166668,45.47661708333351,0.0,9499.793569125,9540.7225245,0.0,0.0,充电吃盈余
2025-12-21,3:00-3:10,0.4357,625.2883333333333,0.0,625.2883333333333,666.6389666666666,666.6389666666666,41.35063333333335,0.0,9540.7225245,9577.938094500001,0.0,0.0,充电吃盈余
2025-12-21,3:10-3:20,0.4374,696.7576833333333,0.0,696.7576833333333,677.4324275,677.4324275,0.0,19.325255833333244,9577.938094500001,9556.46558801852,0.0,0.0,放电补缺口
2025-12-21,3:20-3:30,0.4371,685.8887833333333,0.0,685.8887833333333,691.1026433333334,691.1026433333334,5.213860000000068,0.0,9556.46558801852,9561.15806201852,0.0,0.0,充电吃盈余
2025-12-21,3:30-3:40,0.4356,624.79,0.0,624.79,692.8025833333335,692.8025833333335,68.01258333333351,0.0,9561.15806201852,9622.36938701852,0.0,0.0,充电吃盈余
2025-12-21,3:40-3:50,0.4353,703.4143,0.0,703.4143,687.79901125,687.79901125,0.0,15.61528874999999,9622.36938701852,9605.019066185187,0.0,0.0,放电补缺口
2025-12-21,3:50-4:00,0.436,737.3209499999999,0.0,737.3209499999999,692.9332249999998,692.9332249999998,0.0,44.38772500000016,9605.019066185187,9555.699371740742,0.0,0.0,放电补缺口
2025-12-21,4:00-4:10,0.4378,679.8583333333333,0.0,679.8583333333333,702.7235025000001,702.7235025000001,22.86516916666676,0.0,9555.699371740742,9576.278023990742,0.0,0.0,充电吃盈余
2025-12-21,4:10-4:20,0.4401,673.1570666666667,0.0,673.1570666666667,698.2437237499998,698.2437237499998,25.086657083333193,0.0,9576.278023990742,9598.856015365742,0.0,0.0,充电吃盈余
2025-12-21,4:20-4:30,0.4389,680.3992333333333,0.0,680.3992333333333,710.0992304166667,710.0992304166667,29.699997083333415,0.0,9598.856015365742,9625.586012740741,0.0,0.0,充电吃盈余
2025-12-21,4:30-4:40,0.4364,677.4783333333332,0.0,677.4783333333332,741.8611375,741.8611375,64.3828041666668,0.0,9625.586012740741,9683.530536490742,0.0,0.0,充电吃盈余
2025-12-21,4:40-4:50,0.4393,686.9797333333332,0.0,686.9797333333332,748.6795974999998,748.6795974999998,61.69986416666654,0.0,9683.530536490742,9739.060414240741,0.0,0.0,充电吃盈余
2025-12-21,4:50-5:00,0.4422,680.6025666666667,0.0,680.6025666666667,737.4088008333332,737.4088008333332,56.80623416666651,0.0,9739.060414240741,9790.18602499074,0.0,0.0,充电吃盈余
2025-12-21,5:00-5:10,0.4395,672.0516666666666,0.0,672.0516666666666,729.3541375,729.3541375,57.30247083333336,0.0,9790.18602499074,9841.75824874074,0.0,0.0,充电吃盈余
2025-12-21,5:10-5:20,0.4333,702.9903666666667,0.0003833333333333333,702.9899833333333,743.2922274999999,743.2922274999999,40.30224416666658,0.0,9841.75824874074,9878.03026849074,0.0,0.0,充电吃盈余
2025-12-21,5:20-5:30,0.4439,708.8747333333333,0.0,708.8747333333333,746.6719833333333,746.6719833333333,37.79724999999996,0.0,9878.03026849074,9912.04779349074,0.0,0.0,充电吃盈余
2025-12-21,5:30-5:40,0.4301,677.7633333333333,0.0,677.7633333333333,1558.3171666666665,1558.3171666666665,833.3333333333333,0.0,9912.04779349074,10662.04779349074,0.0,47.2204999999999,充电吃盈余
2025-12-21,5:40-5:50,0.3713,679.6296833333333,0.005266666666666667,679.6244166666667,1551.3638454166667,1551.3638454166667,153.28022945473398,0.0,10662.04779349074,10800.0,0.0,718.459199295266,充电吃盈余
2025-12-21,5:50-6:00,0.5708,786.2857666666666,0.0,786.2857666666666,807.4913354166666,807.4913354166666,0.0,0.0,10800.0,10800.0,0.0,21.205568749999998,充电吃盈余
2025-12-21,6:00-6:10,0.9099,915.1083333333332,0.0,915.1083333333332,938.4762415277778,924.3856545092153,0.0,0.0,10800.0,10800.0,0.0,9.277321175882093,充电吃盈余
2025-12-21,6:10-6:20,0.9368,906.553,0.07343333333333332,906.4795666666666,272.8607698611112,257.2439608494999,0.0,649.2356058171667,10800.0,10078.627104647592,0.0,0.0,放电补缺口
2025-12-21,6:20-6:30,0.8758,901.3054166666667,0.0,901.3054166666667,926.4877383333335,910.3726092969682,9.06719263030152,0.0,10078.627104647592,10086.787578014864,0.0,0.0,充电吃盈余
2025-12-21,6:30-6:40,0.8759,931.175,0.0,931.175,932.9122415277776,915.2669757566523,0.0,15.908024243347654,10086.787578014864,10069.111995522257,0.0,0.0,放电补缺口
2025-12-21,6:40-6:50,0.8601,891.8811000000001,1.0227666666666666,890.8583333333333,940.8295248611112,924.7505626740026,33.892229340669246,0.0,10069.111995522257,10099.61500192886,0.0,0.0,充电吃盈余
2025-12-21,6:50-7:00,0.8442,872.2081666666666,0.0,872.2081666666666,953.0832715277776,936.7020210971226,64.49385443045605,0.0,10099.61500192886,10157.659470916271,0.0,0.0,充电吃盈余
2025-12-21,7:0-7:10,0.8334,895.6999999999999,0.0,895.6999999999999,956.3921838888889,939.0824989431825,43.382498943182554,0.0,10157.659470916271,10196.703719965135,0.0,0.0,充电吃盈余
2025-12-21,7:10-7:20,0.8092,893.4640166666666,28.78048333333333,864.6835333333332,889.4815070833333,871.3044918864057,6.620958553072455,0.0,10196.703719965135,10202.6625826629,0.0,0.0,充电吃盈余
2025-12-21,7:20-7:30,0.7972,886.8849333333333,70.00593333333333,816.8789999999999,836.2261293055553,821.699500081474,4.8205000814740515,0.0,10202.6625826629,10207.001032736227,0.0,0.0,充电吃盈余
2025-12-21,7:30-7:40,0.7644,871.9533333333334,115.11249999999998,756.8408333333334,788.2565409722218,779.5274733438474,22.686640010513997,0.0,10207.001032736227,10227.41900874569,0.0,0.0,充电吃盈余
2025-12-21,7:40-7:50,0.6899,844.3141166666666,166.12295,678.1911666666665,1573.100504861111,1563.795646981239,636.2011013936777,0.0,10227.41900874569,10800.0,0.0,249.40337892089485,充电吃盈余
2025-12-21,7:50-8:00,0.86,981.5207666666666,212.78541666666666,768.7353499999999,811.1542699999999,802.0507451273976,0.0,0.0,10800.0,10800.0,0.0,33.315395127397665,充电吃盈余
2025-12-21,8:00-8:10,1.1617,1196.7983333333332,256.64374999999995,940.1545833333332,117.75454555555564,112.43514208720558,0.0,827.7194412461276,10800.0,9880.311731948746,0.0,0.0,放电补缺口
2025-12-21,8:10-8:20,1.1683,1209.0584999999999,310.0256833333333,899.0328166666666,115.5043884722221,101.6640956374988,0.0,797.3687210291678,9880.311731948746,8994.346486360782,0.0,0.0,放电补缺口
2025-12-21,8:20-8:30,1.0956,1192.14925,368.6034333333333,823.5458166666666,54.904827916666704,34.31636340762452,0.0,789.2294532590421,8994.346486360782,8117.424871628514,0.0,0.0,放电补缺口
2025-12-21,8:30-8:40,1.0849,1227.835,429.9375,797.8975,0.05337902777750969,0.0,0.0,797.8975,8117.424871628514,7230.872093850736,0.0,0.0,放电补缺口
2025-12-21,8:40-8:50,1.061,1222.1887666666667,492.19644999999997,729.9923166666667,0.0,0.0,0.0,729.9923166666667,7230.872093850736,6419.769519776662,0.0,0.0,放电补缺口
2025-12-21,8:50-9:00,1.043,1212.6767166666666,532.6005833333334,680.0761333333332,0.0,0.0,0.0,680.0761333333332,6419.769519776662,5664.129371628514,0.0,0.0,放电补缺口
2025-12-21,9:00-9:10,1.036,1209.2749999999999,556.93125,652.3437499999999,0.0,0.0,0.0,652.3437499999999,5664.129371628514,4939.302982739625,0.0,0.0,放电补缺口
2025-12-21,9:10-9:20,1.0147,1179.4681,595.4644499999999,584.0036500000001,0.0,0.0,0.0,584.0036500000001,4939.302982739625,4290.41003829518,0.0,0.0,放电补缺口
2025-12-21,9:20-9:30,0.9922,1169.02805,641.3426833333333,527.6853666666666,0.0,0.0,0.0,527.6853666666666,4290.41003829518,3704.0929642211063,0.0,0.0,放电补缺口
2025-12-21,9:30-9:40,0.97,1191.7649999999999,686.1,505.66499999999985,27.80102569444273,0.0,0.0,505.66499999999985,3704.0929642211063,3142.2429642211064,0.0,0.0,放电补缺口
2025-12-21,9:40-9:50,0.9422,1209.90835,728.4494833333333,481.4588666666666,536.1328098611112,461.26355891466073,0.0,20.195307752005874,3142.2429642211064,3119.803733385544,0.0,0.0,放电补缺口
2025-12-21,9:50-10:00,0.9569,1190.447,763.84655,426.6004499999999,485.43022430555584,273.50928472853286,0.0,153.09116527146705,3119.803733385544,2949.7024386394696,0.0,0.0,放电补缺口
2025-12-21,10:00-10:10,0.9977,1152.0383333333332,791.7312499999999,360.30708333333325,0.0,0.0,0.0,360.30708333333325,2949.7024386394696,2549.361234935766,0.0,0.0,放电补缺口
2025-12-21,10:10-10:20,0.9919,1145.5621333333333,814.3685166666667,331.1936166666667,0.0,0.0,0.0,331.1936166666667,2549.361234935766,2181.3683275283583,0.0,0.0,放电补缺口
2025-12-21,10:20-10:30,0.9588,1152.1980833333332,826.10465,326.0934333333332,433.43222333333347,0.0,0.0,326.0934333333332,2181.3683275283583,1819.0422904913214,0.0,0.0,放电补缺口
2025-12-21,10:30-10:40,0.9549,1158.5783333333334,826.7937499999999,331.78458333333344,404.8835966666667,334.0090494290521,2.2244660957186397,0.0,1819.0422904913214,1821.0443099774682,0.0,0.0,充电吃盈余
2025-12-21,10:40-10:50,0.9839,1173.4486499999998,824.36915,349.0794999999998,0.0,0.0,0.0,349.0794999999998,1821.0443099774682,1433.1781988663572,0.0,0.0,放电补缺口
2025-12-21,10:50-11:00,0.799,1199.1954,828.13465,371.0607500000001,379.31409999999994,326.129860978554,0.0,44.93088902144609,1433.1781988663572,1383.2549888425283,0.0,0.0,放电补缺口
2025-12-21,11:00-11:10,0.5025,1211.1033333333332,829.8687499999999,381.2345833333334,1213.9725466666664,1168.7772186175507,787.5426352842173,0.0,1383.2549888425283,2092.043360598324,0.0,0.0,充电吃盈余
2025-12-21,11:10-11:20,0.4662,1180.0967333333333,817.9991,362.0976333333333,1183.4413331944443,1106.4431283981069,744.3454950647736,0.0,2092.043360598324,2761.95430615662,0.0,0.0,充电吃盈余
2025-12-21,11:20-11:30,0.5007,1158.1015666666667,835.8504166666667,322.25115000000005,1142.1336054166663,1045.3027212372383,723.0515712372382,0.0,2761.95430615662,3412.7007202701343,0.0,0.0,充电吃盈余
2025-12-21,11:30-11:40,0.4827,1159.0266666666666,876.0562499999999,282.9704166666668,1134.357010972222,1017.5560291820741,734.5856125154073,0.0,3412.7007202701343,4073.827771534001,0.0,0.0,充电吃盈余
2025-12-21,11:40-11:50,0.4785,1143.3451,891.3363666666667,252.00873333333334,1145.9290080555552,1009.831037944942,757.8223046116086,0.0,4073.827771534001,4755.867845684449,0.0,0.0,充电吃盈余
2025-12-21,11:50-12:00,0.4662,1094.3222833333332,929.6148666666666,164.70741666666663,1110.5377140277778,953.6255495462053,788.9181328795387,0.0,4755.867845684449,5465.894165276034,0.0,0.0,充电吃盈余
2025-12-21,12:00-12:10,0.4432,1055.1499999999999,981.8,73.34999999999991,1036.0858729166666,946.9501516809289,833.3333333333333,0.0,5465.894165276034,6215.894165276034,0.0,40.266818347595745,充电吃盈余
2025-12-21,12:10-12:20,0.4411,1083.6438333333333,984.1491333333333,99.49469999999997,1010.669604722222,938.9603189361154,833.3333333333333,0.0,6215.894165276034,6965.894165276034,0.0,6.13228560278219,充电吃盈余
2025-12-21,12:20-12:30,0.4551,1086.7223999999999,978.0274166666666,108.69498333333331,1009.430327361111,959.5997741754034,833.3333333333333,0.0,6965.894165276034,7715.894165276034,0.0,17.571457508736785,充电吃盈余
2025-12-21,12:30-12:40,0.4463,1045.5516666666667,977.4499999999999,68.1016666666668,996.7374291666666,970.9985925706238,833.3333333333333,0.0,7715.894165276034,8465.894165276033,0.0,69.56359257062377,充电吃盈余
2025-12-21,12:40-12:50,0.4113,1039.1261166666666,953.7943499999999,85.33176666666668,965.081963472222,959.212361687472,833.3333333333333,0.0,8465.894165276033,9215.894165276033,0.0,40.54726168747209,充电吃盈余
2025-12-21,12:50-13:00,0.5682,1085.4605,924.9784,160.48209999999995,989.463253611111,1003.766732134424,833.3333333333333,0.0,9215.894165276033,9965.894165276033,0.0,9.951298801090843,充电吃盈余
2025-12-21,13:00-13:10,0.8279,1139.4066666666665,898.40625,241.00041666666652,215.76340416666656,251.02652983051954,10.026113163853012,0.0,9965.894165276033,9974.9176671235,0.0,0.0,充电吃盈余
2025-12-21,13:10-13:20,0.8636,1132.8890999999999,868.5766166666667,264.31248333333315,245.80507805555547,274.5933015434519,10.280818210118753,0.0,9974.9176671235,9984.170403512608,0.0,0.0,充电吃盈余
2025-12-21,13:20-13:30,0.8416,1092.3975999999998,867.0114333333332,225.38616666666655,253.1260819444444,274.9505546397809,49.56438797311432,0.0,9984.170403512608,10028.77835268841,0.0,0.0,充电吃盈余
2025-12-21,13:30-13:40,0.8618,1058.3466666666666,881.3249999999999,177.02166666666665,266.22439583333323,281.245579789354,104.22391312268735,0.0,10028.77835268841,10122.57987449883,0.0,0.0,充电吃盈余
2025-12-21,13:40-13:50,0.8623,1055.568,863.0582999999999,192.50970000000007,279.03317555555543,287.474163547042,94.96446354704193,0.0,10122.57987449883,10208.047891691167,0.0,0.0,充电吃盈余
2025-12-21,13:50-14:00,0.9026,1085.9077333333332,832.2836166666666,253.62411666666662,298.3063418055554,298.98534465814475,45.36122799147813,0.0,10208.047891691167,10248.872996883498,0.0,0.0,充电吃盈余
2025-12-21,14:00-14:10,0.9754,1109.8016666666667,807.9187499999999,301.8829166666668,0.0,0.0,0.0,301.8829166666668,10248.872996883498,9913.447533920535,0.0,0.0,放电补缺口
2025-12-21,14:10-14:20,1.0002,1079.1305666666667,784.2339833333333,294.8965833333334,0.0,0.0,0.0,294.8965833333334,9913.447533920535,9585.784663550165,0.0,0.0,放电补缺口
2025-12-21,14:20-14:30,0.9978,1051.8516166666666,734.1358666666666,317.71574999999996,0.0,0.0,0.0,317.71574999999996,9585.784663550165,9232.767163550165,0.0,0.0,放电补缺口
2025-12-21,14:30-14:40,1.0271,1048.9283333333333,664.7312499999999,384.19708333333335,0.0,0.0,0.0,384.19708333333335,9232.767163550165,8805.881515402016,0.0,0.0,放电补缺口
2025-12-21,14:40-14:50,1.0906,1040.1812499999999,609.7969166666667,430.3843333333332,0.0,0.0,0.0,430.3843333333332,8805.881515402016,8327.6767005872,0.0,0.0,放电补缺口
2025-12-21,14:50-15:00,0.9376,1044.6055,553.5727499999999,491.03274999999996,0.0,33.70961457107546,0.0,457.3231354289245,8327.6767005872,7819.539883443951,0.0,0.0,放电补缺口
2025-12-21,15:00-15:10,0.6694,1051.4716666666666,492.93125,558.5404166666666,1420.4487916666667,1476.1900161504523,833.3333333333333,0.0,7819.539883443951,8569.539883443951,0.0,84.3162661504524,充电吃盈余
2025-12-21,15:10-15:20,0.66,1030.7194166666666,444.26583333333326,586.4535833333333,1456.5055777777775,1503.207106774551,833.3333333333333,0.0,8569.539883443951,9319.539883443951,0.0,83.42019010788442,充电吃盈余
2025-12-21,15:20-15:30,0.7217,1041.5735,400.76741666666663,640.8060833333334,1485.2541686111108,1523.8912957754505,833.3333333333333,0.0,9319.539883443951,10069.539883443951,0.0,49.751879108783896,充电吃盈余
2025-12-21,15:30-15:40,0.7308,1068.8316666666665,361.14375,707.6879166666665,1539.5242425000001,1567.5078022629027,811.6223517289432,0.0,10069.539883443951,10800.0,0.0,48.19753386729303,充电吃盈余
2025-12-21,15:40-15:50,0.7534,1038.2059166666666,329.51135,708.6945666666666,1278.6684884585022,1618.64300621964,0.0,0.0,10800.0,10800.0,0.0,909.9484395529735,充电吃盈余
2025-12-21,15:50-16:00,0.7823,1023.3541333333333,286.50898333333333,736.8451499999999,811.8247847222221,819.7351230899707,0.0,0.0,10800.0,10800.0,0.0,82.8899730899708,充电吃盈余
2025-12-21,16:00-16:10,0.8055,1031.7366666666667,235.80625,795.9304166666667,840.0572501388896,844.7220937993096,0.0,0.0,10800.0,10800.0,0.0,48.79167713264292,充电吃盈余
2025-12-21,16:10-16:20,0.8271,1001.2239999999999,199.84213333333332,801.3818666666666,874.8773179166668,881.9662384598275,0.0,0.0,10800.0,10800.0,0.0,80.58437179316093,充电吃盈余
2025-12-21,16:20-16:30,0.8519,1003.6383666666667,160.99521666666666,842.64315,903.2255891666673,914.8605965890945,0.0,0.0,10800.0,10800.0,0.0,72.2174465890945,充电吃盈余
2025-12-21,16:30-16:40,0.8791,1038.5466666666666,113.4375,925.1091666666666,941.846503611112,950.2796762756228,0.0,0.0,10800.0,10800.0,0.0,25.170509608956195,充电吃盈余
2025-12-21,16:40-16:50,0.9024,1029.6313666666665,69.83856666666667,959.7927999999998,1002.3187058333331,1014.1717644823972,0.0,0.0,10800.0,10800.0,0.0,54.37896448239735,充电吃盈余
2025-12-21,16:50-17:00,0.9163,1021.8329333333332,28.96875,992.8641833333332,1040.6993434722217,1048.058385887198,0.0,0.0,10800.0,10800.0,0.0,55.194202553864784,充电吃盈余
2025-12-21,17:00-17:10,0.9264,1028.7966666666666,0.0,1028.7966666666666,1047.0987465277776,1057.2839769183704,0.0,0.0,10800.0,10800.0,0.0,28.487310251703775,充电吃盈余
2025-12-21,17:10-17:20,0.9462,1018.6957,0.0,1018.6957,1050.2297866666663,1056.8102993344744,0.0,0.0,10800.0,10800.0,0.0,38.114599334474406,充电吃盈余
2025-12-21,17:20-17:30,0.9742,1026.7837833333333,1.0334833333333333,1025.7503,1050.8795123611112,1055.457121884211,0.0,0.0,10800.0,10800.0,0.0,29.706821884210967,充电吃盈余
2025-12-21,17:30-17:40,0.9862,1056.4616666666666,0.0,1056.4616666666666,1051.7390794444445,1058.0579027267356,0.0,0.0,10800.0,10800.0,0.0,1.5962360600690317,充电吃盈余
2025-12-21,17:40-17:50,0.976,1048.3491333333332,0.0,1048.3491333333332,1079.4307316666668,1084.2398670861262,0.0,0.0,10800.0,10800.0,0.0,35.89073375279304,充电吃盈余
2025-12-21,17:50-18:00,1.0742,898.8176333333333,0.07419999999999999,898.7434333333333,949.7114966666666,954.4188531412499,0.0,0.0,10800.0,10800.0,0.0,55.67541980791657,充电吃盈余
2025-12-21,18:00-18:10,1.2313,712.6333333333333,0.0,712.6333333333333,742.03599,733.4117424132866,0.0,0.0,10800.0,10800.0,0.0,20.778409079953235,充电吃盈余
2025-12-21,18:10-18:20,1.2561,715.41445,0.0,715.41445,729.5231366666667,720.7377047473742,0.0,0.0,10800.0,10800.0,0.0,5.3232547473742216,充电吃盈余
2025-12-21,18:20-18:30,1.2447,748.2732666666667,0.005333333333333333,748.2679333333334,756.8732833333335,747.6871714569006,0.0,0.5807618764328026,10800.0,10799.354709026185,0.0,0.0,放电补缺口
2025-12-21,18:30-18:40,1.2545,730.0083333333333,0.0,730.0083333333333,737.7235879166666,728.6896274139098,0.0,1.3187059194235644,10799.354709026185,10797.889480226826,0.0,0.0,放电补缺口
2025-12-21,18:40-18:50,1.2522,734.3443833333333,0.0,734.3443833333333,740.4214295833334,731.5227053560674,0.0,2.8216779772659493,10797.889480226826,10794.754282474309,0.0,0.0,放电补缺口
2025-12-21,18:50-19:00,1.2881,750.0835999999999,0.0003833333333333333,750.0832166666665,290.3780412499998,236.95690089609343,0.0,513.1263157705731,10794.754282474309,10224.613931618116,0.0,0.0,放电补缺口
2025-12-21,19:00-19:10,1.3466,748.46,0.0,748.46,0.0,0.0,0.0,748.46,10224.613931618116,9392.991709395894,0.0,0.0,放电补缺口
2025-12-21,19:10-19:20,1.3523,722.4832333333334,0.0,722.4832333333334,0.0,0.0,0.0,722.4832333333334,9392.991709395894,8590.232561247745,0.0,0.0,放电补缺口
2025-12-21,19:20-19:30,1.3445,726.1655166666666,0.0,726.1655166666666,0.0,0.0,0.0,726.1655166666666,8590.232561247745,7783.381987173671,0.0,0.0,放电补缺口
2025-12-21,19:30-19:40,1.3483,744.4316666666666,0.0,744.4316666666666,0.0,0.0,0.0,744.4316666666666,7783.381987173671,6956.235690877375,0.0,0.0,放电补缺口
2025-12-21,19:40-19:50,1.349,716.9286999999999,0.0,716.9286999999999,0.0,0.0,0.0,716.9286999999999,6956.235690877375,6159.648246432931,0.0,0.0,放电补缺口
2025-12-21,19:50-20:00,1.3473,733.1194999999999,0.0,733.1194999999999,0.0,0.0,0.0,733.1194999999999,6159.648246432931,5345.071024210709,0.0,0.0,放电补缺口
2025-12-21,20:00-20:10,1.3482,780.2683333333332,0.0,780.2683333333332,0.0,0.0,0.0,780.2683333333332,5345.071024210709,4478.106209395894,0.0,0.0,放电补缺口
2025-12-21,20:10-20:20,1.3513,747.5859,0.0,747.5859,0.0,0.0,0.0,747.5859,4478.106209395894,3647.4552093958946,0.0,0.0,放电补缺口
2025-12-21,20:20-20:30,1.34,692.8171,0.0,692.8171,0.0,0.0,0.0,692.8171,3647.4552093958946,2877.658431618117,0.0,0.0,放电补缺口
2025-12-21,20:30-20:40,1.3489,681.7516666666667,0.0,681.7516666666667,0.0,0.0,0.0,681.7516666666667,2877.658431618117,2120.156579766265,0.0,0.0,放电补缺口
2025-12-21,20:40-20:50,1.3952,720.3711,0.0,720.3711,0.0,0.0,0.0,720.3711,2120.156579766265,1319.744246432932,0.0,0.0,放电补缺口
2025-12-21,20:50-21:00,1.2226,722.8001666666667,0.0,722.8001666666667,742.0187445833334,740.852574869223,18.052408202556308,0.0,1319.744246432932,1335.9914138152326,0.0,0.0,充电吃盈余
2025-12-21,21:00-21:10,0.9332,690.7433333333333,0.0,690.7433333333333,740.3517029166668,739.3014137495454,48.55808041621208,0.0,1335.9914138152326,1379.6936861898234,0.0,0.0,充电吃盈余
2025-12-21,21:10-21:20,0.9068,704.5435,0.0,704.5435,735.7403308333332,735.3386107226598,30.795110722659842,0.0,1379.6936861898234,1407.4092858402173,0.0,0.0,充电吃盈余
2025-12-21,21:20-21:30,0.9371,721.1607166666665,0.0,721.1607166666665,737.6622075,737.5718460518592,16.41112938519268,0.0,1407.4092858402173,1422.1793022868908,0.0,0.0,充电吃盈余
2025-12-21,21:30-21:40,0.9371,726.305,0.0,726.305,752.1775158333332,752.1153678399329,25.81036783993295,0.0,1422.1793022868908,1445.4086333428304,0.0,0.0,充电吃盈余
2025-12-21,21:40-21:50,0.9871,739.5190333333333,0.0,739.5190333333333,764.4192866666667,763.6192799106376,24.100246577304347,0.0,1445.4086333428304,1467.0988552624044,0.0,0.0,充电吃盈余
2025-12-21,21:50-22:00,0.7764,678.4992333333332,0.0,678.4992333333332,687.24779125,687.24779125,8.748557916666755,0.0,1467.0988552624044,1474.9725573874045,0.0,0.0,充电吃盈余
2025-12-21,22:00-22:10,0.4209,572.4,0.0,572.4,573.3263333333332,573.3263333333332,0.9263333333332184,0.0,1474.9725573874045,1475.8062573874045,0.0,0.0,充电吃盈余
2025-12-21,22:10-22:20,0.3859,545.0923166666666,0.0,545.0923166666666,1402.22158,1400.0037816929926,833.3333333333333,0.0,1475.8062573874045,2225.8062573874045,0.0,21.578131692992656,充电吃盈余
2025-12-21,22:20-22:30,0.4368,550.8361333333332,0.0,550.8361333333332,590.4477270833333,590.4477270833333,39.61159375000011,0.0,2225.8062573874045,2261.4566917624047,0.0,0.0,充电吃盈余
2025-12-21,22:30-22:40,0.4198,542.5999999999999,0.0,542.5999999999999,580.560135,580.560135,37.96013500000004,0.0,2261.4566917624047,2295.6208132624047,0.0,0.0,充电吃盈余
2025-12-21,22:40-22:50,0.4186,525.919,0.0,525.919,568.3410583333333,568.3410583333333,42.422058333333325,0.0,2295.6208132624047,2333.8006657624046,0.0,0.0,充电吃盈余
2025-12-21,22:50-23:00,0.4241,543.3939166666667,0.0,543.3939166666667,567.8839591666666,567.8839591666666,24.49004249999996,0.0,2333.8006657624046,2355.8417040124045,0.0,0.0,充电吃盈余
2025-12-21,23:00-23:10,0.4237,584.8283333333333,0.0,584.8283333333333,579.8069166666667,579.8069166666667,0.0,5.021416666666596,2355.8417040124045,2350.262352160553,0.0,0.0,放电补缺口
2025-12-21,23:10-23:20,0.4248,592.4525666666666,0.0,592.4525666666666,598.9481916666666,598.9481916666666,6.495625000000018,0.0,2350.262352160553,2356.1084146605526,0.0,0.0,充电吃盈余
2025-12-21,23:20-23:30,0.424,565.9438,0.0,565.9438,608.5975799999999,608.5975799999999,42.65377999999987,0.0,2356.1084146605526,2394.4968166605527,0.0,0.0,充电吃盈余
2025-12-21,23:30-23:40,0.422,550.9316666666666,0.0,550.9316666666666,605.5777183333332,605.5777183333332,54.64605166666661,0.0,2394.4968166605527,2443.6782631605524,0.0,0.0,充电吃盈余
2025-12-21,23:40-23:50,0.424,589.9602166666666,0.0,589.9602166666666,595.0696383333333,595.0696383333333,5.1094216666666625,0.0,2443.6782631605524,2448.2767426605524,0.0,0.0,充电吃盈余
2025-12-21,23:50-0:00+1,0.4271,595.3318333333333,0.0,595.3318333333333,602.0539216666666,602.0539216666666,6.722088333333318,0.0,2448.2767426605524,2454.3266221605522,0.0,0.0,充电吃盈余
2025-12-21,0:00-0:10+1,0.4276,577.4,0.0,577.4,617.9993958333333,617.9993958333333,40.59939583333335,0.0,2454.3266221605522,2490.8660784105523,0.0,0.0,充电吃盈余
