name,target_mode,waypoint,need_kind,cover_ratio,fixed_kwh,n_cheapest,enforce,total_cost,plan_cost,adjustment_cost,emergency_cost,plan_kwh,final_kwh,upward_kwh,downward_kwh,emergency_kwh,spill_kwh,mean_soc,min_soc,max_soc,mean_soc_open,mean_soc_close,charge_kwh,discharge_kwh,mean_soc6_target,delta_vs_v002
v002_baseline,off,midnight,,0.0,0.0,48,soft,13521409.707452236,13186919.25679596,271544.7606689939,62945.68998728275,21500147.87287376,21032762.59514883,501515.09585990454,968900.3735848318,11602.854539463442,1888927.5314945108,6926.063571432714,1200.0,10800.0,2674.3702464117428,2672.485453577257,6404289.431332465,5188041.008105343,,0.0
mask_only_forbid_18_22,mask_only,midnight,,0.0,0.0,48,soft,13521991.073727233,13187991.854563631,271053.45399777236,62945.76516582905,21502651.918231107,21032759.826132864,501809.0137543337,971701.105852579,11602.952227443955,1888995.2382649377,6924.556798429585,1200.0,10800.0,2667.4164099610903,2665.531617126604,6403919.020288149,5187740.975159448,,581.366274997592
midnight_hist_morning_c0.3_n48_ge,forecast,midnight,hist_morning,0.3,0.0,48,ge,13525357.449366085,13181754.164933113,280753.0072539153,62850.27717905561,21503207.596734457,21047853.90672447,517765.7081912986,973119.3982012825,11589.264155945468,1907166.34276919,7231.588829390653,1200.0,10800.0,4768.328409735827,4760.49913282464,6397056.914652979,5183969.581508417,4018.063986497838,3947.741913849488
midnight_hist_morning_c0.3_n48_soft,forecast,midnight,hist_morning,0.3,0.0,48,soft,13525357.449366085,13181754.164933113,280753.0072539153,62850.27717905561,21503207.596734457,21047853.90672447,517765.7081912986,973119.3982012825,11589.264155945468,1907166.34276919,7231.588447819538,1200.0,10800.0,4768.328409735827,4760.49913282464,6397056.914652979,5183969.581508417,4018.063986497838,3947.741913849488
midnight_fixed3000_n48_soft,fixed,midnight,,0.0,3000.0,48,soft,13526672.169562139,13181681.75332434,283220.49023180903,61769.926005991394,21495876.394127116,21044197.910182778,520946.1442618069,972624.6282061469,11022.150455774667,1897781.8990239068,7102.305347979343,1200.0,10800.0,3746.5176132369193,3744.510497432421,6415010.556099003,5196761.889451025,3000.0,5262.462109902874
midnight_fixed3000_n48_ge,fixed,midnight,,0.0,3000.0,48,ge,13526672.169562139,13181681.75332434,283220.49023180903,61769.926005991394,21495876.394127116,21044197.910182778,520946.1442618069,972624.6282061469,11022.150455774667,1897781.8990239068,7102.3057295504605,1200.0,10800.0,3746.5176132369193,3744.510497432421,6415010.556099003,5196761.889451025,3000.0,5262.462109902874
midnight_fixed4000_n48_soft,fixed,midnight,,0.0,4000.0,48,soft,13531450.707933763,13186711.04866613,282758.76849422354,61980.890773405816,21513955.045113675,21060810.446604308,520643.123364293,973787.7218736642,10989.594791694111,1906753.1346427486,7273.719236543091,1200.0,10800.0,4718.597229502718,4716.511541341203,6455180.892883886,5229323.4810973,4000.0,10041.000481527299
midnight_fixed4000_n48_ge,fixed,midnight,,0.0,4000.0,48,ge,13531450.707933763,13186711.04866613,282758.76849422354,61980.890773405816,21513955.045113675,21060810.446604308,520643.123364293,973787.7218736642,10989.594791694111,1906753.1346427486,7273.719618114207,1200.0,10800.0,4718.597229502718,4716.511541341203,6455180.892883886,5229323.4810973,4000.0,10041.000481527299
midnight_fixed5000_n48_soft,fixed,midnight,,0.0,5000.0,48,soft,13541501.196313784,13197590.303798342,281970.11413004296,61940.778385399775,21543824.982365742,21088404.48553323,520186.6792639893,975607.1760965008,10983.844736073981,1924736.3999937305,7387.979027917329,1200.0,10800.0,5665.257704104831,5663.146035992918,6505774.751280792,5270312.315971883,5000.0,20091.488861547783
midnight_fixed5000_n48_ge,fixed,midnight,,0.0,5000.0,48,ge,13541501.196313784,13197590.303798342,281970.11413004296,61940.778385399775,21543824.982365742,21088404.48553323,520186.6792639893,975607.1760965008,10983.844736073981,1924736.3999937305,7387.977330313462,1200.0,10800.0,5665.257704104831,5663.146035992918,6505774.751280792,5270312.315971883,5000.0,20091.488861547783
midnight_hist_morning_c0.5_n48_soft,forecast,midnight,hist_morning,0.5,0.0,48,soft,13543739.188064247,13207608.47582618,273502.1175668544,62628.594671212275,21530457.8141995,21070567.452987395,515009.27387678163,974899.6350888842,11497.279998185888,1934243.755996062,7377.469526437581,1200.0,10800.0,6432.574208609234,6419.502982883716,6381898.381452354,5173266.899429497,5793.963230358727,22329.480612011626
midnight_hybrid_morning_c0.3_n48_ge,forecast,midnight,hybrid_morning,0.3,0.0,48,ge,13550673.83631276,13129883.790375538,358652.4638159069,62137.582121314874,21381997.965432324,21048962.34639844,632622.1464379043,965657.76547179,11452.287346089517,1909451.3845148617,7265.035012546741,1200.0,10800.0,5095.605301221116,5087.89377107966,6389957.05380801,5178183.29954501,4018.7474721897865,29264.128860523924
midnight_hybrid_morning_c0.3_n48_soft,forecast,midnight,hybrid_morning,0.3,0.0,48,soft,13550673.83631276,13129883.790375538,358652.4638159069,62137.582121314874,21381997.965432324,21048962.34639844,632622.1464379043,965657.76547179,11452.287346089517,1909451.3845148617,7265.034630975625,1200.0,10800.0,5095.605301221116,5087.89377107966,6389957.05380801,5178183.29954501,4018.7474721897865,29264.128860523924
midnight_hist_morning_c0.5_n48_ge,forecast,midnight,hist_morning,0.5,0.0,48,ge,13550997.0894415,13207318.596620709,281049.8981495786,62628.594671212275,21529677.099937525,21073772.103533626,518980.7595526901,974885.7559565877,11497.279998185888,1938232.8534112507,7379.912950688362,1200.0,10800.0,6434.677929674433,6421.606703948914,6377769.713720998,5169922.678567098,5793.963230358727,29587.38198926486
midnight_hist_morning_c0.8_n48_soft,forecast,midnight,hist_morning,0.8,0.0,48,soft,13569064.52612828,13251316.59370713,257875.71549832454,59872.21692282748,21566605.29452566,21097048.84988772,507014.85798380186,976571.3026217425,11077.370408110706,1965932.276417681,7536.096843670029,1200.0,10800.0,8163.711643379243,8142.687696498466,6364864.459704471,5161860.010792984,7639.322781470392,47654.818676045164
midnight_hybrid_morning_c0.5_n48_soft,forecast,midnight,hybrid_morning,0.5,0.0,48,soft,13581658.619274253,13133599.425108736,386419.1034856618,61640.0906798555,21355457.182769086,21072346.689516924,682945.0475818176,966055.5408339798,11348.411194209224,1937411.0550750801,7415.889427058002,1200.0,10800.0,6900.700739556024,6887.700482776977,6373696.9887219425,5166602.438052556,5790.488152363329,60248.91182201728
midnight_hist_morning_c0.8_n48_ge,forecast,midnight,hist_morning,0.8,0.0,48,ge,13591335.636647023,13250402.206163969,281345.3460903035,59588.08439275157,21564142.62944847,21106937.141438007,519366.6449096829,976572.1329201483,11022.17280993729,1977963.0406400335,7543.076691421749,1200.0,10800.0,8170.347567239944,8149.323620359167,6353297.77407161,5152490.995430365,7639.322781470392,69925.92919478752
midnight_hybrid_morning_c0.5_n48_ge,forecast,midnight,hybrid_morning,0.5,0.0,48,ge,13594319.042188704,13131962.746578783,401895.47047960875,60460.82513031502,21351049.214737967,21076025.501970246,691075.4445281328,966099.1572958555,11169.253561742096,1942573.6908006028,7422.802648674191,1200.0,10800.0,6912.578497723705,6899.5782409446565,6364944.457644744,5159512.887880025,5790.488152363329,72909.33473646827
six_fixed3000_n12_soft,fixed,six,,0.0,3000.0,12,soft,13600057.08362231,13024786.928702839,516521.42465381604,58748.73026565526,21120997.227508772,21040133.11987154,863264.0121314119,944128.1197686429,10464.688653794563,1900719.8078761077,7113.023047668246,1200.0,10800.0,3719.88856858473,3717.8814527802315,6375220.235228395,5164531.729545832,3000.0,78647.37617007457
six_fixed3000_n12_ge,fixed,six,,0.0,3000.0,12,ge,13600057.08362231,13024786.928702839,516521.42465381604,58748.73026565526,21120997.227508772,21040133.11987154,863264.0121314119,944128.1197686429,10464.688653794563,1900719.8078761077,7113.0234292393625,1200.0,10800.0,3719.88856858473,3717.8814527802315,6375220.235228395,5164531.729545832,3000.0,78647.37617007457
six_fixed3000_n48_soft,fixed,six,,0.0,3000.0,48,soft,13600057.08362231,13024786.928702839,516521.42465381604,58748.73026565526,21120997.227508772,21040133.11987154,863264.0121314119,944128.1197686429,10464.688653794563,1900719.8078761077,7113.023047668246,1200.0,10800.0,3719.88856858473,3717.8814527802315,6375220.235228395,5164531.729545832,3000.0,78647.37617007457
six_fixed3000_n48_ge,fixed,six,,0.0,3000.0,48,ge,13600057.08362231,13024786.928702839,516521.42465381604,58748.73026565526,21120997.227508772,21040133.11987154,863264.0121314119,944128.1197686429,10464.688653794563,1900719.8078761077,7113.0234292393625,1200.0,10800.0,3719.88856858473,3717.8814527802315,6375220.235228395,5164531.729545832,3000.0,78647.37617007457
midnight_hybrid_morning_c0.8_n48_soft,forecast,midnight,hybrid_morning,0.8,0.0,48,soft,13609230.992633816,13187970.08036559,362408.6170886,58852.295179624634,21413958.02900114,21107437.660507817,659890.7798607404,966411.148354067,10927.917456884083,1977602.3831227599,7574.218081913817,1200.0,10800.0,8579.064411578276,8558.050313352664,6357318.620009957,5155744.920134684,7641.936919909071,87821.28518158011
midnight_hist_morning_c0.5_n12_ge,forecast,midnight,hist_morning,0.5,0.0,12,ge,13644886.987872956,13373400.649246216,209232.02190481214,62254.31672192924,21443491.420335248,20865549.237464882,484904.33556320006,1062846.5184335634,11427.868318897421,1795676.830929278,7107.986261280425,1200.0,10800.0,6436.66364158163,6423.592415856111,6031789.422847005,4889678.642959166,5793.963230358727,123477.28042072058
midnight_hist_morning_c0.5_n12_soft,forecast,midnight,hist_morning,0.5,0.0,12,soft,13644886.987872956,13373400.649246216,209232.02190481214,62254.31672192924,21443491.420335248,20865549.237464882,484904.33556320006,1062846.5184335634,11427.868318897421,1795676.830929278,7107.986078708177,1200.0,10800.0,6436.66364158163,6423.592415856111,6031789.422847005,4889678.642959166,5793.963230358727,123477.28042072058
midnight_hybrid_morning_c0.8_n48_ge,forecast,midnight,hybrid_morning,0.8,0.0,48,ge,13655743.372975932,13184562.808057208,413754.0819233856,57426.48299534087,21404781.80902064,21125020.4592249,686536.9972612036,966298.3470569422,10686.117794202175,2000314.7484716554,7592.034123258229,1200.0,10800.0,8603.790752843099,8582.776654617486,6329048.271091589,5132845.937510807,7641.936919909071,134333.6655236967
midnight_hybrid_morning_c0.5_n12_soft,forecast,midnight,hybrid_morning,0.5,0.0,12,soft,13662512.789882226,13276152.530835077,325075.269695202,61284.98935194639,21307092.053205483,20913746.057911076,660457.1315887647,1053803.1268831673,11282.293139106441,1826472.9063935254,7213.796278077241,1200.0,10800.0,6852.114353369799,6839.11409659075,6122493.825672497,4963127.875982505,5790.488152363329,141103.08242999017
midnight_hybrid_morning_c0.5_n12_ge,forecast,midnight,hybrid_morning,0.5,0.0,12,ge,13663189.68273301,13275869.561247157,327145.2096566359,60174.91182921777,21306329.948201656,20914053.139497746,661526.3181792622,1053803.1268831673,11113.867978039436,1826812.5225442478,7214.904823440829,1200.0,10800.0,6854.167929727416,6841.167672948367,6121436.142908716,4962271.152943842,5790.488152363329,141779.97528077476
midnight_fixed5000_n12_soft,fixed,midnight,,0.0,5000.0,12,soft,13668346.631424371,13391766.467807893,214754.66603970062,61825.497576777794,21431448.67286427,20823014.14124438,489362.1089081194,1097796.6405280114,10933.525431906904,1746337.3014841313,6835.8087602791875,1200.0,10800.0,5665.47440157474,5663.362733462827,6047661.250841739,4899240.3806162495,5000.0,146936.9239721354
midnight_fixed5000_n12_ge,fixed,midnight,,0.0,5000.0,12,ge,13668346.631424371,13391766.467807893,214754.66603970062,61825.497576777794,21431448.67286427,20823014.14124438,489362.1089081194,1097796.6405280114,10933.525431906904,1746337.3014841313,6835.809141850304,1200.0,10800.0,5665.47440157474,5663.362733462827,6047661.250841739,4899240.3806162495,5000.0,146936.9239721354
midnight_hybrid_morning_c0.3_n12_ge,forecast,midnight,hybrid_morning,0.3,0.0,12,ge,13676006.04094324,13313070.85664366,298540.6765153168,64394.507784265596,21264660.72113905,20793225.92099168,603225.2422467163,1074660.0423940911,11882.102350165807,1745689.7188144673,6690.931003512604,1200.0,10800.0,5092.330078378509,5084.618548237054,5908141.555374915,4787912.745814203,4018.7474721897865,154596.333491005
midnight_hybrid_morning_c0.3_n12_soft,forecast,midnight,hybrid_morning,0.3,0.0,12,soft,13676006.04094324,13313070.85664366,298540.6765153168,64394.507784265596,21264660.72113905,20793225.92099168,603225.2422467163,1074660.0423940911,11882.102350165807,1745689.7188144673,6690.930697665129,1200.0,10800.0,5092.330078378509,5084.618548237054,5908141.555374915,4787912.745814203,4018.7474721897865,154596.333491005
six_hist_morning_c0.3_n12_ge,forecast,six,hist_morning,0.3,0.0,12,ge,13681753.846621688,12855989.704881016,764960.7335606635,60803.40818000983,20729247.045052014,21040693.127987474,1262971.4327594852,951525.3498240218,11283.617328015085,1904332.6148619493,7239.316373494682,1200.0,10800.0,4751.441517329908,4743.612240418718,6372674.295401996,5164219.65991512,4026.3120794369593,160344.1391694527
six_hist_morning_c0.3_n12_soft,forecast,six,hist_morning,0.3,0.0,12,soft,13681753.846621688,12855989.704881016,764960.7335606635,60803.40818000983,20729247.045052014,21040693.127987474,1262971.4327594852,951525.3498240218,11283.617328015085,1904332.6148619493,7239.315991923568,1200.0,10800.0,4751.441517329908,4743.612240418718,6372674.295401996,5164219.65991512,4026.3120794369593,160344.1391694527
six_hist_morning_c0.3_n48_soft,forecast,six,hist_morning,0.3,0.0,48,soft,13681753.846621688,12855989.704881016,764960.7335606635,60803.40818000983,20729247.045052014,21040693.127987474,1262971.4327594852,951525.3498240218,11283.617328015085,1904332.6148619493,7239.315991923568,1200.0,10800.0,4751.441517329908,4743.612240418718,6372674.295401996,5164219.65991512,4026.3120794369593,160344.1391694527
six_hist_morning_c0.3_n48_ge,forecast,six,hist_morning,0.3,0.0,48,ge,13681753.846621688,12855989.704881016,764960.7335606635,60803.40818000983,20729247.045052014,21040693.127987474,1262971.4327594852,951525.3498240218,11283.617328015085,1904332.6148619493,7239.316373494682,1200.0,10800.0,4751.441517329908,4743.612240418718,6372674.295401996,5164219.65991512,4026.3120794369593,160344.1391694527
midnight_hist_morning_c0.3_n12_ge,forecast,midnight,hist_morning,0.3,0.0,12,ge,13681998.901551679,13397586.786448438,218974.03917371263,65438.07592952715,21367415.543706708,20767491.722685486,488588.02099353843,1088511.8420147602,12083.580860271759,1733625.7065047775,6588.287466420992,1200.0,10800.0,4767.841502461589,4760.0122255504,5837439.909020083,4730679.806945772,4018.063986497838,160589.19409944303
midnight_hist_morning_c0.3_n12_soft,forecast,midnight,hist_morning,0.3,0.0,12,soft,13681998.901551679,13397586.786448438,218974.03917371263,65438.07592952715,21367415.543706708,20767491.722685486,488588.02099353843,1088511.8420147602,12083.580860271759,1733625.7065047775,6588.287084849877,1200.0,10800.0,4767.841502461589,4760.0122255504,5837439.909020083,4730679.806945772,4018.063986497838,160589.19409944303
six_fixed4000_n12_ge,fixed,six,,0.0,4000.0,12,ge,13689461.192520969,12886069.652723921,746931.5911449485,56459.94865209949,20796760.376072567,21083730.29162576,1229952.4143854964,942982.498832305,9418.325036011061,1940982.6426824667,7312.2738505072375,1200.0,10800.0,4692.228617909988,4690.142929748473,6387386.509863103,5174410.0308504645,4000.0,168051.48506873287
six_fixed4000_n48_soft,fixed,six,,0.0,4000.0,48,soft,13689461.192520969,12886069.652723921,746931.5911449485,56459.94865209949,20796760.376072567,21083730.29162576,1229952.4143854964,942982.498832305,9418.325036011061,1940982.6426824667,7312.273468936121,1200.0,10800.0,4692.228617909988,4690.142929748473,6387386.509863103,5174410.0308504645,4000.0,168051.48506873287
six_fixed4000_n48_ge,fixed,six,,0.0,4000.0,48,ge,13689461.192520969,12886069.652723921,746931.5911449485,56459.94865209949,20796760.376072567,21083730.29162576,1229952.4143854964,942982.498832305,9418.325036011061,1940982.6426824667,7312.2738505072375,1200.0,10800.0,4692.228617909988,4690.142929748473,6387386.509863103,5174410.0308504645,4000.0,168051.48506873287
six_fixed4000_n12_soft,fixed,six,,0.0,4000.0,12,soft,13689461.192520969,12886069.652723921,746931.5911449485,56459.94865209949,20796760.376072567,21083730.29162576,1229952.4143854964,942982.498832305,9418.325036011061,1940982.6426824667,7312.273468936121,1200.0,10800.0,4692.228617909988,4690.142929748473,6387386.509863103,5174410.0308504645,4000.0,168051.48506873287
midnight_hist_morning_c0.8_n12_ge,forecast,midnight,hist_morning,0.8,0.0,12,ge,13694868.34308439,13451497.25014913,187346.88200609508,56024.21092916242,21498515.950687677,20979945.25365656,471521.7504203991,990092.4474515172,10429.49063105246,1902851.9520948885,7586.764751989514,1200.0,10800.0,8172.303007401108,8151.2624260744215,6077147.873541362,4928814.576315306,7639.322781470392,173458.6356321536
midnight_hist_morning_c0.8_n12_soft,forecast,midnight,hist_morning,0.8,0.0,12,soft,13694868.34308439,13451497.25014913,187346.88200609508,56024.21092916242,21498515.950687677,20979945.25365656,471521.7504203991,990092.4474515172,10429.49063105246,1902851.9520948885,7586.764589350258,1200.0,10800.0,8172.303007401108,8151.2624260744215,6077147.873541362,4928814.576315306,7639.322781470392,173458.6356321536
six_hybrid_morning_c0.3_n12_soft,forecast,six,hybrid_morning,0.3,0.0,12,soft,13696099.08018925,12830953.332645966,804439.3969664085,60706.350576873614,20670688.647397418,21044110.267898966,1324940.4574920055,951518.8369904573,11238.2050177624,1907597.4318468545,7249.1594550421,1200.0,10800.0,4909.233606818339,4901.769048977342,6372659.958895845,5164098.412792638,4115.42361780162,174689.37273701467
six_hybrid_morning_c0.3_n12_ge,forecast,six,hybrid_morning,0.3,0.0,12,ge,13696099.08018925,12830953.332645966,804439.3969664085,60706.350576873614,20670688.647397418,21044110.267898966,1324940.4574920055,951518.8369904573,11238.2050177624,1907597.4318468545,7249.159836613216,1200.0,10800.0,4909.233606818339,4901.769048977342,6372659.958895845,5164098.412792638,4115.42361780162,174689.37273701467
six_hybrid_morning_c0.3_n48_soft,forecast,six,hybrid_morning,0.3,0.0,48,soft,13696099.08018925,12830953.332645966,804439.3969664085,60706.350576873614,20670688.647397418,21044110.267898966,1324940.4574920055,951518.8369904573,11238.2050177624,1907597.4318468545,7249.1594550421,1200.0,10800.0,4909.233606818339,4901.769048977342,6372659.958895845,5164098.412792638,4115.42361780162,174689.37273701467
six_hybrid_morning_c0.3_n48_ge,forecast,six,hybrid_morning,0.3,0.0,48,ge,13696099.08018925,12830953.332645966,804439.3969664085,60706.350576873614,20670688.647397418,21044110.267898966,1324940.4574920055,951518.8369904573,11238.2050177624,1907597.4318468545,7249.159836613216,1200.0,10800.0,4909.233606818339,4901.769048977342,6372659.958895845,5164098.412792638,4115.42361780162,174689.37273701467
midnight_fixed4000_n12_soft,fixed,midnight,,0.0,4000.0,12,soft,13734600.657353546,13458050.43618808,213366.68354914253,63183.537616323636,21359437.795619708,20745395.277703546,490522.74747447204,1104565.265390635,11189.962844700198,1715147.418374746,6531.84793170855,1200.0,10800.0,4718.813926972627,4716.7282388111125,5804606.763516766,4702358.436309933,4000.0,213190.94990131073
midnight_fixed4000_n12_ge,fixed,midnight,,0.0,4000.0,12,ge,13734600.657353546,13458050.43618808,213366.68354914253,63183.537616323636,21359437.795619708,20745395.277703546,490522.74747447204,1104565.265390635,11189.962844700198,1715147.418374746,6531.8483132796655,1200.0,10800.0,4718.813926972627,4716.7282388111125,5804606.763516766,4702358.436309933,4000.0,213190.94990131073
midnight_hybrid_morning_c0.8_n12_soft,forecast,midnight,hybrid_morning,0.8,0.0,12,soft,13735719.789493352,13398747.547625134,281074.17782993877,55898.06403828126,21383222.564799055,21013542.553622164,628926.4465043701,998606.4576812659,10481.842274718041,1929968.368818149,7631.22047140219,1200.0,10800.0,8497.099267221653,8476.974433947695,6110084.51049588,4955217.978383815,7641.936919909071,214310.08204111643
midnight_hybrid_morning_c0.8_n12_ge,forecast,midnight,hybrid_morning,0.8,0.0,12,ge,13746307.730562966,13398155.176203687,292335.5132210018,55817.04113828014,21381627.54839231,21017618.602750946,634561.5157196752,998570.4613610401,10469.789779366442,1935256.0318123386,7634.789910516988,1200.0,10800.0,8501.397215623063,8481.272382349107,6103644.161228741,4950001.295477432,7641.936919909071,224898.02311073057
six_fixed5000_n48_ge,fixed,six,,0.0,5000.0,48,ge,13791258.160575932,12757820.728229724,976977.4836941096,56459.94865209949,20496575.000681132,21150051.304431364,1596513.4312680317,943037.1275178021,9418.325036011061,2006468.5689588673,7463.699333980878,1200.0,10800.0,5651.49439991177,5649.3827317998575,6391822.805138318,5178011.239596479,5000.0,269848.45312369615
six_fixed5000_n12_soft,fixed,six,,0.0,5000.0,12,soft,13791258.160575932,12757820.728229724,976977.4836941096,56459.94865209949,20496575.000681132,21150051.304431364,1596513.4312680317,943037.1275178021,9418.325036011061,2006468.5689588673,7463.698952409763,1200.0,10800.0,5651.49439991177,5649.3827317998575,6391822.805138318,5178011.239596479,5000.0,269848.45312369615
six_fixed5000_n12_ge,fixed,six,,0.0,5000.0,12,ge,13791258.160575932,12757820.728229724,976977.4836941096,56459.94865209949,20496575.000681132,21150051.304431364,1596513.4312680317,943037.1275178021,9418.325036011061,2006468.5689588673,7463.699333980878,1200.0,10800.0,5651.49439991177,5649.3827317998575,6391822.805138318,5178011.239596479,5000.0,269848.45312369615
six_fixed5000_n48_soft,fixed,six,,0.0,5000.0,48,soft,13791258.160575932,12757820.728229724,976977.4836941096,56459.94865209949,20496575.000681132,21150051.304431364,1596513.4312680317,943037.1275178021,9418.325036011061,2006468.5689588673,7463.698952409763,1200.0,10800.0,5651.49439991177,5649.3827317998575,6391822.805138318,5178011.239596479,5000.0,269848.45312369615
midnight_fixed3000_n12_soft,fixed,midnight,,0.0,3000.0,12,soft,13815910.438660288,13538745.26654824,213250.51027529687,63914.661836751075,21296968.95647925,20684345.64040832,490966.01961977483,1103589.3356907074,11406.34558933873,1699004.5570222356,6215.1757662481305,1200.0,10800.0,3746.7430659328415,3744.7359501283427,5569269.857997837,4511711.92398908,3000.0,294500.7312080525
midnight_fixed3000_n12_ge,fixed,midnight,,0.0,3000.0,12,ge,13815910.438660288,13538745.26654824,213250.51027529687,63914.661836751075,21296968.95647925,20684345.64040832,490966.01961977483,1103589.3356907074,11406.34558933873,1699004.5570222356,6215.176147819247,1200.0,10800.0,3746.7430659328415,3744.7359501283427,5569269.857997837,4511711.92398908,3000.0,294500.7312080525
six_hist_morning_c0.5_n48_soft,forecast,six,hist_morning,0.5,0.0,48,soft,13821730.511631371,12596672.295747839,1164440.076600451,60618.139283082644,20119060.57654295,21057999.312308863,1890067.0188150872,951128.2830491767,11196.85301126986,1923325.0022908682,7376.490404920433,1200.0,10800.0,6395.954447688432,6382.883221962913,6371636.20271416,5164954.534651562,5807.710051923929,300320.8041791357
six_hist_morning_c0.5_n12_soft,forecast,six,hist_morning,0.5,0.0,12,soft,13821730.511631371,12596672.295747839,1164440.076600451,60618.139283082644,20119060.57654295,21057999.312308863,1890067.0188150872,951128.2830491767,11196.85301126986,1923325.0022908682,7376.490404920433,1200.0,10800.0,6395.954447688432,6382.883221962913,6371636.20271416,5164954.534651562,5807.710051923929,300320.8041791357
six_hybrid_morning_c0.5_n48_soft,forecast,six,hybrid_morning,0.5,0.0,48,soft,13840614.833206393,12563847.501203738,1216165.9874264835,60601.3445761697,20042028.128016777,21061871.525639094,1969950.5732419211,950107.1756196073,11190.859937284094,1927043.0817768855,7387.961280745646,1200.0,10800.0,6603.789396194697,6591.286353396285,6371516.9657791015,5164687.156946275,5927.882253020813,319205.1257541571
six_hybrid_morning_c0.5_n12_soft,forecast,six,hybrid_morning,0.5,0.0,12,soft,13840614.833206393,12563847.501203738,1216165.9874264835,60601.3445761697,20042028.128016777,21061871.525639094,1969950.5732419211,950107.1756196073,11190.859937284094,1927043.0817768855,7387.961280745646,1200.0,10800.0,6603.789396194697,6591.286353396285,6371516.9657791015,5164687.156946275,5927.882253020813,319205.1257541571
six_hist_morning_c0.5_n48_ge,forecast,six,hist_morning,0.5,0.0,48,ge,13850198.865236918,12594215.037894296,1195365.6880595405,60618.139283082644,20112442.591480892,21067513.99287633,1906181.1138824197,951109.7124869832,11196.85301126986,1936503.5121404238,7388.21229934153,1200.0,10800.0,6413.787341568234,6400.716115842717,6352352.890703162,5149335.051922653,5807.710051923929,328789.15778468177
six_hist_morning_c0.5_n12_ge,forecast,six,hist_morning,0.5,0.0,12,ge,13850198.865236918,12594215.037894296,1195365.6880595405,60618.139283082644,20112442.591480892,21067513.99287633,1906181.1138824197,951109.7124869832,11196.85301126986,1936503.5121404238,7388.21229934153,1200.0,10800.0,6413.787341568234,6400.716115842717,6352352.890703162,5149335.051922653,5807.710051923929,328789.15778468177
six_hybrid_morning_c0.5_n12_ge,forecast,six,hybrid_morning,0.5,0.0,12,ge,13872255.300994024,12560516.642218988,1252316.579748406,59422.07902662922,20033057.32547234,21071797.482808232,1988790.3051874605,950050.1478515688,11011.702304816967,1940962.623198675,7402.690755213923,1200.0,10800.0,6627.962217422228,6615.459174623819,6349555.166383741,5146898.0994360335,5927.882253020813,350845.59354178794
six_hybrid_morning_c0.5_n48_ge,forecast,six,hybrid_morning,0.5,0.0,48,ge,13872255.300994024,12560516.642218988,1252316.579748406,59422.07902662922,20033057.32547234,21071797.482808232,1988790.3051874605,950050.1478515688,11011.702304816967,1940962.623198675,7402.690755213923,1200.0,10800.0,6627.962217422228,6615.459174623819,6349555.166383741,5146898.0994360335,5927.882253020813,350845.59354178794
six_hist_morning_c0.8_n48_soft,forecast,six,hist_morning,0.8,0.0,48,soft,13967230.167357586,12334445.135239698,1572542.4109935234,60242.62112436303,19498237.797667045,21079108.930096537,2526015.4610936185,945144.3286641268,11136.811437739361,1946489.5697611868,7517.378519559795,1200.0,10800.0,8088.682578008396,8067.6586311276205,6373086.7117830785,5168520.034976657,7661.317695974718,445820.4599053506
six_hist_morning_c0.8_n12_soft,forecast,six,hist_morning,0.8,0.0,12,soft,13967230.167357586,12334445.135239698,1572542.4109935234,60242.62112436303,19498237.797667045,21079108.930096537,2526015.4610936185,945144.3286641268,11136.811437739361,1946489.5697611868,7517.378519559795,1200.0,10800.0,8088.682578008396,8067.6586311276205,6373086.7117830785,5168520.034976657,7661.317695974718,445820.4599053506
six_hybrid_morning_c0.8_n48_soft,forecast,six,hybrid_morning,0.8,0.0,48,soft,13987907.785330756,12316638.483355958,1610808.8062226975,60460.49575209999,19454044.944461618,21091462.754645012,2583018.950187846,945601.1400044527,11171.695564926336,1958507.0534257584,7518.699817222414,1200.0,10800.0,8192.477978345152,8172.426615651556,6373501.797069514,5168563.895252002,7768.320898001036,466498.0778785199
six_hybrid_morning_c0.8_n12_soft,forecast,six,hybrid_morning,0.8,0.0,12,soft,13987907.785330756,12316638.483355958,1610808.8062226975,60460.49575209999,19454044.944461618,21091462.754645012,2583018.950187846,945601.1400044527,11171.695564926336,1958507.0534257584,7518.699817222414,1200.0,10800.0,8192.477978345152,8172.426615651556,6373501.797069514,5168563.895252002,7768.320898001036,466498.0778785199
six_hist_morning_c0.8_n48_ge,forecast,six,hist_morning,0.8,0.0,48,ge,14043504.774826221,12325165.911258787,1661041.9269553395,57296.93661209348,19473246.620772585,21100679.16779856,2572233.51642706,944800.969401089,10679.793448127439,1977910.8934392752,7555.040447432494,1200.0,10800.0,8156.024072634177,8135.000125753402,6318833.533016358,5124574.960175611,7661.317695974718,522095.0673739854
six_hist_morning_c0.8_n12_ge,forecast,six,hist_morning,0.8,0.0,12,ge,14043504.774826221,12325165.911258787,1661041.9269553395,57296.93661209348,19473246.620772585,21100679.16779856,2572233.51642706,944800.969401089,10679.793448127439,1977910.8934392752,7555.040447432494,1200.0,10800.0,8156.024072634177,8135.000125753402,6318833.533016358,5124574.960175611,7661.317695974718,522095.0673739854
six_hybrid_morning_c0.8_n12_ge,forecast,six,hybrid_morning,0.8,0.0,12,ge,14082075.302903555,12305429.085517675,1720272.406631066,56373.81075481621,19423855.728171118,21118494.273482427,2639785.878401641,945147.333090334,10528.18661324231,1997524.5567168896,7564.380759231903,1200.0,10800.0,8273.826165954279,8253.774803260685,6307030.779146357,5114722.370734245,7768.320898001036,560665.5954513196
six_hybrid_morning_c0.8_n48_ge,forecast,six,hybrid_morning,0.8,0.0,48,ge,14082075.302903555,12305429.085517675,1720272.406631066,56373.81075481621,19423855.728171118,21118494.273482427,2639785.878401641,945147.333090334,10528.18661324231,1997524.5567168896,7564.380759231903,1200.0,10800.0,8273.826165954279,8253.774803260685,6307030.779146357,5114722.370734245,7768.320898001036,560665.5954513196
