name,family,tv0,tv6,tv12,tv18,total_cost,plan_cost,adjustment_cost,emergency_cost,plan_kwh,final_kwh,upward_kwh,downward_kwh,emergency_kwh,spill_kwh,mean_soc,min_soc,max_soc,mean_soc_open,mean_soc_close,charge_kwh,discharge_kwh,delta_vs_v002
split_da0.449_upd0.500,split_da_upd,0.448919,0.5,0.5,0.5,13521406.73844815,13186919.25679596,271541.79166490794,62945.68998728275,21500147.87287376,21032762.59514883,501512.8063749524,968898.0840998796,11602.854539463442,1888927.5314945108,6926.06452348068,1200.0,10800.0,2674.3702464117428,2672.485453577257,6404289.431332465,5188041.008105343,-2.9690040852874517
split_da0.445_upd0.500,split_da_upd,0.445,0.5,0.5,0.5,13521406.73844815,13186919.25679596,271541.79166490794,62945.68998728275,21500147.87287376,21032762.59514883,501512.8063749524,968898.0840998796,11602.854539463442,1888927.5314945108,6926.06452348068,1200.0,10800.0,2674.3702464117428,2672.485453577257,6404289.431332465,5188041.008105343,-2.9690040852874517
eve_early0.445_h18_0.449,split_h18,0.445,0.445,0.445,0.448919,13521409.707452236,13186919.25679596,271544.7606689939,62945.68998728275,21500147.87287376,21032762.59514883,501515.09585990454,968900.3735848318,11602.854539463442,1888927.5314945108,6926.063571432714,1200.0,10800.0,2674.3702464117428,2672.485453577257,6404289.431332465,5188041.008105343,0.0
scalar_0.455000,scalar,0.455,0.455,0.455,0.455,13521409.707452236,13186919.25679596,271544.7606689939,62945.68998728275,21500147.87287376,21032762.59514883,501515.09585990454,968900.3735848318,11602.854539463442,1888927.5314945108,6926.063571432714,1200.0,10800.0,2674.3702464117428,2672.485453577257,6404289.431332465,5188041.008105343,0.0
scalar_0.450000,scalar,0.45,0.45,0.45,0.45,13521409.707452236,13186919.25679596,271544.7606689939,62945.68998728275,21500147.87287376,21032762.59514883,501515.09585990454,968900.3735848318,11602.854539463442,1888927.5314945108,6926.063571432714,1200.0,10800.0,2674.3702464117428,2672.485453577257,6404289.431332465,5188041.008105343,0.0
scalar_0.448919,scalar,0.448919,0.448919,0.448919,0.448919,13521409.707452236,13186919.25679596,271544.7606689939,62945.68998728275,21500147.87287376,21032762.59514883,501515.09585990454,968900.3735848318,11602.854539463442,1888927.5314945108,6926.063571432714,1200.0,10800.0,2674.3702464117428,2672.485453577257,6404289.431332465,5188041.008105343,0.0
scalar_0.445000,scalar,0.445,0.445,0.445,0.445,13521409.707452236,13186919.25679596,271544.7606689939,62945.68998728275,21500147.87287376,21032762.59514883,501515.09585990454,968900.3735848318,11602.854539463442,1888927.5314945108,6926.063571432714,1200.0,10800.0,2674.3702464117428,2672.485453577257,6404289.431332465,5188041.008105343,0.0
eve_early0.445_h18_0.495,split_h18,0.445,0.445,0.445,0.495,13521409.707452236,13186919.25679596,271544.7606689939,62945.68998728275,21500147.87287376,21032762.59514883,501515.09585990454,968900.3735848318,11602.854539463442,1888927.5314945108,6926.063571432714,1200.0,10800.0,2674.3702464117428,2672.485453577257,6404289.431332465,5188041.008105343,0.0
split_da0.449_upd0.475,split_da_upd,0.448919,0.475,0.475,0.475,13521409.707452236,13186919.25679596,271544.7606689939,62945.68998728275,21500147.87287376,21032762.59514883,501515.09585990454,968900.3735848318,11602.854539463442,1888927.5314945108,6926.063571432714,1200.0,10800.0,2674.3702464117428,2672.485453577257,6404289.431332465,5188041.008105343,0.0
split_da0.449_upd0.445,split_da_upd,0.448919,0.445,0.445,0.445,13521409.707452236,13186919.25679596,271544.7606689939,62945.68998728275,21500147.87287376,21032762.59514883,501515.09585990454,968900.3735848318,11602.854539463442,1888927.5314945108,6926.063571432714,1200.0,10800.0,2674.3702464117428,2672.485453577257,6404289.431332465,5188041.008105343,0.0
split_da0.445_upd0.475,split_da_upd,0.445,0.475,0.475,0.475,13521409.707452236,13186919.25679596,271544.7606689939,62945.68998728275,21500147.87287376,21032762.59514883,501515.09585990454,968900.3735848318,11602.854539463442,1888927.5314945108,6926.063571432714,1200.0,10800.0,2674.3702464117428,2672.485453577257,6404289.431332465,5188041.008105343,0.0
split_da0.445_upd0.449,split_da_upd,0.445,0.448919,0.448919,0.448919,13521409.707452236,13186919.25679596,271544.7606689939,62945.68998728275,21500147.87287376,21032762.59514883,501515.09585990454,968900.3735848318,11602.854539463442,1888927.5314945108,6926.063571432714,1200.0,10800.0,2674.3702464117428,2672.485453577257,6404289.431332465,5188041.008105343,0.0
refine_0.465000,refine,0.465,0.465,0.465,0.465,13521409.707452236,13186919.25679596,271544.7606689939,62945.68998728275,21500147.87287376,21032762.59514883,501515.09585990454,968900.3735848318,11602.854539463442,1888927.5314945108,6926.063571432714,1200.0,10800.0,2674.3702464117428,2672.485453577257,6404289.431332465,5188041.008105343,0.0
refine_0.463000,refine,0.463,0.463,0.463,0.463,13521409.707452236,13186919.25679596,271544.7606689939,62945.68998728275,21500147.87287376,21032762.59514883,501515.09585990454,968900.3735848318,11602.854539463442,1888927.5314945108,6926.063571432714,1200.0,10800.0,2674.3702464117428,2672.485453577257,6404289.431332465,5188041.008105343,0.0
scalar_0.460000,scalar,0.46,0.46,0.46,0.46,13521409.707452236,13186919.25679596,271544.7606689939,62945.68998728275,21500147.87287376,21032762.59514883,501515.09585990454,968900.3735848318,11602.854539463442,1888927.5314945108,6926.063571432714,1200.0,10800.0,2674.3702464117428,2672.485453577257,6404289.431332465,5188041.008105343,0.0
refine_0.461000,refine,0.461,0.461,0.461,0.461,13521409.707452236,13186919.25679596,271544.7606689939,62945.68998728275,21500147.87287376,21032762.59514883,501515.09585990454,968900.3735848318,11602.854539463442,1888927.5314945108,6926.063571432714,1200.0,10800.0,2674.3702464117428,2672.485453577257,6404289.431332465,5188041.008105343,0.0
refine_0.457000,refine,0.457,0.457,0.457,0.457,13521409.707452236,13186919.25679596,271544.7606689939,62945.68998728275,21500147.87287376,21032762.59514883,501515.09585990454,968900.3735848318,11602.854539463442,1888927.5314945108,6926.063571432714,1200.0,10800.0,2674.3702464117428,2672.485453577257,6404289.431332465,5188041.008105343,0.0
eve_early0.449_h18_0.449,split_h18,0.44891944444444437,0.44891944444444437,0.44891944444444437,0.448919,13521409.707452236,13186919.25679596,271544.7606689939,62945.68998728275,21500147.87287376,21032762.59514883,501515.09585990454,968900.3735848318,11602.854539463442,1888927.5314945108,6926.063571432714,1200.0,10800.0,2674.3702464117428,2672.485453577257,6404289.431332465,5188041.008105343,0.0
eve_early0.449_h18_0.445,split_h18,0.44891944444444437,0.44891944444444437,0.44891944444444437,0.445,13521409.707452236,13186919.25679596,271544.7606689939,62945.68998728275,21500147.87287376,21032762.59514883,501515.09585990454,968900.3735848318,11602.854539463442,1888927.5314945108,6926.063571432714,1200.0,10800.0,2674.3702464117428,2672.485453577257,6404289.431332465,5188041.008105343,0.0
refine_0.459000,refine,0.459,0.459,0.459,0.459,13521409.707452236,13186919.25679596,271544.7606689939,62945.68998728275,21500147.87287376,21032762.59514883,501515.09585990454,968900.3735848318,11602.854539463442,1888927.5314945108,6926.063571432714,1200.0,10800.0,2674.3702464117428,2672.485453577257,6404289.431332465,5188041.008105343,0.0
refine_0.445000,refine,0.445,0.445,0.445,0.445,13521409.707452236,13186919.25679596,271544.7606689939,62945.68998728275,21500147.87287376,21032762.59514883,501515.09585990454,968900.3735848318,11602.854539463442,1888927.5314945108,6926.063571432714,1200.0,10800.0,2674.3702464117428,2672.485453577257,6404289.431332465,5188041.008105343,0.0
refine_0.447000,refine,0.447,0.447,0.447,0.447,13521409.707452236,13186919.25679596,271544.7606689939,62945.68998728275,21500147.87287376,21032762.59514883,501515.09585990454,968900.3735848318,11602.854539463442,1888927.5314945108,6926.063571432714,1200.0,10800.0,2674.3702464117428,2672.485453577257,6404289.431332465,5188041.008105343,0.0
scalar_0.465000,scalar,0.465,0.465,0.465,0.465,13521409.707452236,13186919.25679596,271544.7606689939,62945.68998728275,21500147.87287376,21032762.59514883,501515.09585990454,968900.3735848318,11602.854539463442,1888927.5314945108,6926.063571432714,1200.0,10800.0,2674.3702464117428,2672.485453577257,6404289.431332465,5188041.008105343,0.0
eve_early0.449_h18_0.495,split_h18,0.44891944444444437,0.44891944444444437,0.44891944444444437,0.495,13521409.707452236,13186919.25679596,271544.7606689939,62945.68998728275,21500147.87287376,21032762.59514883,501515.09585990454,968900.3735848318,11602.854539463442,1888927.5314945108,6926.063571432714,1200.0,10800.0,2674.3702464117428,2672.485453577257,6404289.431332465,5188041.008105343,0.0
refine_0.451000,refine,0.451,0.451,0.451,0.451,13521409.707452236,13186919.25679596,271544.7606689939,62945.68998728275,21500147.87287376,21032762.59514883,501515.09585990454,968900.3735848318,11602.854539463442,1888927.5314945108,6926.063571432714,1200.0,10800.0,2674.3702464117428,2672.485453577257,6404289.431332465,5188041.008105343,0.0
refine_0.453000,refine,0.453,0.453,0.453,0.453,13521409.707452236,13186919.25679596,271544.7606689939,62945.68998728275,21500147.87287376,21032762.59514883,501515.09585990454,968900.3735848318,11602.854539463442,1888927.5314945108,6926.063571432714,1200.0,10800.0,2674.3702464117428,2672.485453577257,6404289.431332465,5188041.008105343,0.0
refine_0.455000,refine,0.455,0.455,0.455,0.455,13521409.707452236,13186919.25679596,271544.7606689939,62945.68998728275,21500147.87287376,21032762.59514883,501515.09585990454,968900.3735848318,11602.854539463442,1888927.5314945108,6926.063571432714,1200.0,10800.0,2674.3702464117428,2672.485453577257,6404289.431332465,5188041.008105343,0.0
refine_0.449000,refine,0.449,0.449,0.449,0.449,13521409.707452236,13186919.25679596,271544.7606689939,62945.68998728275,21500147.87287376,21032762.59514883,501515.09585990454,968900.3735848318,11602.854539463442,1888927.5314945108,6926.063571432714,1200.0,10800.0,2674.3702464117428,2672.485453577257,6404289.431332465,5188041.008105343,0.0
refine_0.433000,refine,0.433,0.433,0.433,0.433,13521573.412340429,13188515.901656084,270111.8206970634,62945.68998728275,21503867.694092624,21033486.700421516,501579.8356013644,971960.8292724688,11602.854539463442,1889014.2982815248,6924.258007793334,1200.0,10800.0,2664.3467760615213,2662.4619832270355,6407643.844414932,5190758.082702142,163.70488819293678
refine_0.441000,refine,0.441,0.441,0.441,0.441,13521573.412340429,13188515.901656084,270111.8206970634,62945.68998728275,21503867.694092624,21033486.700421516,501579.8356013644,971960.8292724688,11602.854539463442,1889014.2982815248,6924.258007793334,1200.0,10800.0,2664.3467760615213,2662.4619832270355,6407643.844414932,5190758.082702142,163.70488819293678
refine_0.439000,refine,0.439,0.439,0.439,0.439,13521573.412340429,13188515.901656084,270111.8206970634,62945.68998728275,21503867.694092624,21033486.700421516,501579.8356013644,971960.8292724688,11602.854539463442,1889014.2982815248,6924.258007793334,1200.0,10800.0,2664.3467760615213,2662.4619832270355,6407643.844414932,5190758.082702142,163.70488819293678
refine_0.437000,refine,0.437,0.437,0.437,0.437,13521573.412340429,13188515.901656084,270111.8206970634,62945.68998728275,21503867.694092624,21033486.700421516,501579.8356013644,971960.8292724688,11602.854539463442,1889014.2982815248,6924.258007793334,1200.0,10800.0,2664.3467760615213,2662.4619832270355,6407643.844414932,5190758.082702142,163.70488819293678
refine_0.443000,refine,0.443,0.443,0.443,0.443,13521573.412340429,13188515.901656084,270111.8206970634,62945.68998728275,21503867.694092624,21033486.700421516,501579.8356013644,971960.8292724688,11602.854539463442,1889014.2982815248,6924.258007793334,1200.0,10800.0,2664.3467760615213,2662.4619832270355,6407643.844414932,5190758.082702142,163.70488819293678
refine_0.435000,refine,0.435,0.435,0.435,0.435,13521573.412340429,13188515.901656084,270111.8206970634,62945.68998728275,21503867.694092624,21033486.700421516,501579.8356013644,971960.8292724688,11602.854539463442,1889014.2982815248,6924.258007793334,1200.0,10800.0,2664.3467760615213,2662.4619832270355,6407643.844414932,5190758.082702142,163.70488819293678
scalar_0.440000,scalar,0.44,0.44,0.44,0.44,13521573.412340429,13188515.901656084,270111.8206970634,62945.68998728275,21503867.694092624,21033486.700421516,501579.8356013644,971960.8292724688,11602.854539463442,1889014.2982815248,6924.258007793334,1200.0,10800.0,2664.3467760615213,2662.4619832270355,6407643.844414932,5190758.082702142,163.70488819293678
scalar_0.435749,scalar,0.435749,0.435749,0.435749,0.435749,13521573.412340429,13188515.901656084,270111.8206970634,62945.68998728275,21503867.694092624,21033486.700421516,501579.8356013644,971960.8292724688,11602.854539463442,1889014.2982815248,6924.258007793334,1200.0,10800.0,2664.3467760615213,2662.4619832270355,6407643.844414932,5190758.082702142,163.70488819293678
scalar_0.435000,scalar,0.435,0.435,0.435,0.435,13521573.412340429,13188515.901656084,270111.8206970634,62945.68998728275,21503867.694092624,21033486.700421516,501579.8356013644,971960.8292724688,11602.854539463442,1889014.2982815248,6924.258007793334,1200.0,10800.0,2664.3467760615213,2662.4619832270355,6407643.844414932,5190758.082702142,163.70488819293678
eve_early0.445_h18_0.395,split_h18,0.445,0.445,0.445,0.395,13521612.05676074,13189079.107119158,269587.25965430075,62945.68998728275,21505181.830402344,21033449.571809128,501579.8356013644,973312.0941945778,11602.854539463442,1889013.0442231544,6923.457839642102,1200.0,10800.0,2660.6957331223316,2658.8109402878454,6407455.030972743,5190605.14381397,202.3493085037917
scalar_0.430000,scalar,0.43,0.43,0.43,0.43,13521612.05676074,13189079.107119158,269587.25965430075,62945.68998728275,21505181.830402344,21033449.571809128,501579.8356013644,973312.0941945778,11602.854539463442,1889013.0442231544,6923.457839642102,1200.0,10800.0,2660.6957331223316,2658.8109402878454,6407455.030972743,5190605.14381397,202.3493085037917
refine_0.431000,refine,0.431,0.431,0.431,0.431,13521612.05676074,13189079.107119158,269587.25965430075,62945.68998728275,21505181.830402344,21033449.571809128,501579.8356013644,973312.0941945778,11602.854539463442,1889013.0442231544,6923.457839642102,1200.0,10800.0,2660.6957331223316,2658.8109402878454,6407455.030972743,5190605.14381397,202.3493085037917
split_da0.449_upd0.415,split_da_upd,0.448919,0.415,0.415,0.415,13521612.05676074,13189079.107119158,269587.25965430075,62945.68998728275,21505181.830402344,21033449.571809128,501579.8356013644,973312.0941945778,11602.854539463442,1889013.0442231544,6923.457839642102,1200.0,10800.0,2660.6957331223316,2658.8109402878454,6407455.030972743,5190605.14381397,202.3493085037917
refine_0.429000,refine,0.429,0.429,0.429,0.429,13521612.05676074,13189079.107119158,269587.25965430075,62945.68998728275,21505181.830402344,21033449.571809128,501579.8356013644,973312.0941945778,11602.854539463442,1889013.0442231544,6923.457839642102,1200.0,10800.0,2660.6957331223316,2658.8109402878454,6407455.030972743,5190605.14381397,202.3493085037917
eve_early0.449_h18_0.395,split_h18,0.44891944444444437,0.44891944444444437,0.44891944444444437,0.395,13521612.05676074,13189079.107119158,269587.25965430075,62945.68998728275,21505181.830402344,21033449.571809128,501579.8356013644,973312.0941945778,11602.854539463442,1889013.0442231544,6923.457839642102,1200.0,10800.0,2660.6957331223316,2658.8109402878454,6407455.030972743,5190605.14381397,202.3493085037917
split_da0.445_upd0.415,split_da_upd,0.445,0.415,0.415,0.415,13521612.05676074,13189079.107119158,269587.25965430075,62945.68998728275,21505181.830402344,21033449.571809128,501579.8356013644,973312.0941945778,11602.854539463442,1889013.0442231544,6923.457839642102,1200.0,10800.0,2660.6957331223316,2658.8109402878454,6407455.030972743,5190605.14381397,202.3493085037917
eve_early0.445_h18_0.550,split_h18,0.445,0.445,0.445,0.55,13521842.270052169,13183393.425225275,275503.15483961115,62945.68998728275,21491913.855527177,21032965.517198876,501515.09585990454,960463.4341882112,11602.854539463442,1888937.6645866877,6931.8614027205695,1200.0,10800.0,2697.2725263019265,2695.3877334674403,6405304.11005805,5188862.897873067,432.5625999327749
eve_early0.449_h18_0.550,split_h18,0.44891944444444437,0.44891944444444437,0.44891944444444437,0.55,13521842.270052169,13183393.425225275,275503.15483961115,62945.68998728275,21491913.855527177,21032965.517198876,501515.09585990454,960463.4341882112,11602.854539463442,1888937.6645866877,6931.8614027205695,1200.0,10800.0,2697.2725263019265,2695.3877334674403,6405304.11005805,5188862.897873067,432.5625999327749
scalar_0.470000,scalar,0.47,0.47,0.47,0.47,13534202.353638848,13203754.609236905,269234.07051442773,61213.67388751463,21559867.316963278,21085866.6811919,499189.0043114035,973189.6400827782,10603.50995277195,1921138.044196318,7408.3641450129335,1200.0,10800.0,5569.271487001104,5567.26963258713,6509181.102202801,5273038.450221109,12792.646186612546
split_da0.415_upd0.475,split_da_upd,0.415,0.475,0.475,0.475,13538876.961475348,13183151.140806643,284338.569226268,71387.25144243611,21463672.822294686,21017176.840073682,520953.90264435054,967449.8848653511,15619.181611456745,1881392.7634906326,6817.177221624749,1200.0,10800.0,2019.414091111361,2017.2895949078859,6383433.614666356,5171219.851438513,17467.254023112357
split_da0.415_upd0.449,split_da_upd,0.415,0.448919,0.448919,0.448919,13538876.961475348,13183151.140806643,284338.569226268,71387.25144243611,21463672.822294686,21017176.840073682,520953.90264435054,967449.8848653511,15619.181611456745,1881392.7634906326,6817.177221624749,1200.0,10800.0,2019.414091111361,2017.2895949078859,6383433.614666356,5171219.851438513,17467.254023112357
split_da0.415_upd0.445,split_da_upd,0.415,0.445,0.445,0.445,13538876.961475348,13183151.140806643,284338.569226268,71387.25144243611,21463672.822294686,21017176.840073682,520953.90264435054,967449.8848653511,15619.181611456745,1881392.7634906326,6817.177221624749,1200.0,10800.0,2019.414091111361,2017.2895949078859,6383433.614666356,5171219.851438513,17467.254023112357
split_da0.415_upd0.500,split_da_upd,0.415,0.5,0.5,0.5,13538876.961475348,13183151.140806643,284338.569226268,71387.25144243611,21463672.822294686,21017176.840073682,520953.90264435054,967449.8848653511,15619.181611456745,1881392.7634906326,6817.177221624749,1200.0,10800.0,2019.414091111361,2017.2895949078859,6383433.614666356,5171219.851438513,17467.254023112357
anchor_last_slot,scalar,0.4276,0.4276,0.4276,0.4276,13539032.077522606,13185081.531953879,282563.2941262908,71387.25144243611,21468188.21163597,21017763.04792629,520989.4768380943,971414.640547774,15619.181611456745,1881434.0494572683,6815.021457199434,1200.0,10800.0,2007.220562250341,2005.0960660468659,6386301.62459252,5173542.939478707,17622.370070369914
scalar_0.425000,scalar,0.425,0.425,0.425,0.425,13539032.077522606,13185081.531953879,282563.2941262908,71387.25144243611,21468188.21163597,21017763.04792629,520989.4768380943,971414.640547774,15619.181611456745,1881434.0494572683,6815.021457199434,1200.0,10800.0,2007.220562250341,2005.0960660468659,6386301.62459252,5173542.939478707,17622.370070369914
refine_0.427000,refine,0.427,0.427,0.427,0.427,13539032.077522606,13185081.531953879,282563.2941262908,71387.25144243611,21468188.21163597,21017763.04792629,520989.4768380943,971414.640547774,15619.181611456745,1881434.0494572683,6815.021457199434,1200.0,10800.0,2007.220562250341,2005.0960660468659,6386301.62459252,5173542.939478707,17622.370070369914
refine_0.425000,refine,0.425,0.425,0.425,0.425,13539032.077522606,13185081.531953879,282563.2941262908,71387.25144243611,21468188.21163597,21017763.04792629,520989.4768380943,971414.640547774,15619.181611456745,1881434.0494572683,6815.021457199434,1200.0,10800.0,2007.220562250341,2005.0960660468659,6386301.62459252,5173542.939478707,17622.370070369914
anchor_first_slot,scalar,0.4248,0.4248,0.4248,0.4248,13539032.077522606,13185081.531953879,282563.2941262908,71387.25144243611,21468188.21163597,21017763.04792629,520989.4768380943,971414.640547774,15619.181611456745,1881434.0494572683,6815.021457199434,1200.0,10800.0,2007.220562250341,2005.0960660468659,6386301.62459252,5173542.939478707,17622.370070369914
scalar_0.421533,scalar,0.421533,0.421533,0.421533,0.421533,13539032.077522606,13185081.531953879,282563.2941262908,71387.25144243611,21468188.21163597,21017763.04792629,520989.4768380943,971414.640547774,15619.181611456745,1881434.0494572683,6815.021457199434,1200.0,10800.0,2007.220562250341,2005.0960660468659,6386301.62459252,5173542.939478707,17622.370070369914
scalar_0.250000,scalar,0.25,0.25,0.25,0.25,13539032.077522606,13185081.531953879,282563.2941262908,71387.25144243611,21468188.21163597,21017763.04792629,520989.4768380943,971414.640547774,15619.181611456745,1881434.0494572683,6815.021457199434,1200.0,10800.0,2007.220562250341,2005.0960660468659,6386301.62459252,5173542.939478707,17622.370070369914
scalar_0.300000,scalar,0.3,0.3,0.3,0.3,13539032.077522606,13185081.531953879,282563.2941262908,71387.25144243611,21468188.21163597,21017763.04792629,520989.4768380943,971414.640547774,15619.181611456745,1881434.0494572683,6815.021457199434,1200.0,10800.0,2007.220562250341,2005.0960660468659,6386301.62459252,5173542.939478707,17622.370070369914
scalar_0.360000,scalar,0.36,0.36,0.36,0.36,13539032.077522606,13185081.531953879,282563.2941262908,71387.25144243611,21468188.21163597,21017763.04792629,520989.4768380943,971414.640547774,15619.181611456745,1881434.0494572683,6815.021457199434,1200.0,10800.0,2007.220562250341,2005.0960660468659,6386301.62459252,5173542.939478707,17622.370070369914
scalar_0.370000,scalar,0.37,0.37,0.37,0.37,13539032.077522606,13185081.531953879,282563.2941262908,71387.25144243611,21468188.21163597,21017763.04792629,520989.4768380943,971414.640547774,15619.181611456745,1881434.0494572683,6815.021457199434,1200.0,10800.0,2007.220562250341,2005.0960660468659,6386301.62459252,5173542.939478707,17622.370070369914
anchor_min_tariff,scalar,0.3713,0.3713,0.3713,0.3713,13539032.077522606,13185081.531953879,282563.2941262908,71387.25144243611,21468188.21163597,21017763.04792629,520989.4768380943,971414.640547774,15619.181611456745,1881434.0494572683,6815.021457199434,1200.0,10800.0,2007.220562250341,2005.0960660468659,6386301.62459252,5173542.939478707,17622.370070369914
scalar_0.380000,scalar,0.38,0.38,0.38,0.38,13539032.077522606,13185081.531953879,282563.2941262908,71387.25144243611,21468188.21163597,21017763.04792629,520989.4768380943,971414.640547774,15619.181611456745,1881434.0494572683,6815.021457199434,1200.0,10800.0,2007.220562250341,2005.0960660468659,6386301.62459252,5173542.939478707,17622.370070369914
scalar_0.383099,scalar,0.383099,0.383099,0.383099,0.383099,13539032.077522606,13185081.531953879,282563.2941262908,71387.25144243611,21468188.21163597,21017763.04792629,520989.4768380943,971414.640547774,15619.181611456745,1881434.0494572683,6815.021457199434,1200.0,10800.0,2007.220562250341,2005.0960660468659,6386301.62459252,5173542.939478707,17622.370070369914
scalar_0.390000,scalar,0.39,0.39,0.39,0.39,13539032.077522606,13185081.531953879,282563.2941262908,71387.25144243611,21468188.21163597,21017763.04792629,520989.4768380943,971414.640547774,15619.181611456745,1881434.0494572683,6815.021457199434,1200.0,10800.0,2007.220562250341,2005.0960660468659,6386301.62459252,5173542.939478707,17622.370070369914
scalar_0.404027,scalar,0.404027,0.404027,0.404027,0.404027,13539032.077522606,13185081.531953879,282563.2941262908,71387.25144243611,21468188.21163597,21017763.04792629,520989.4768380943,971414.640547774,15619.181611456745,1881434.0494572683,6815.021457199434,1200.0,10800.0,2007.220562250341,2005.0960660468659,6386301.62459252,5173542.939478707,17622.370070369914
scalar_0.410000,scalar,0.41,0.41,0.41,0.41,13539032.077522606,13185081.531953879,282563.2941262908,71387.25144243611,21468188.21163597,21017763.04792629,520989.4768380943,971414.640547774,15619.181611456745,1881434.0494572683,6815.021457199434,1200.0,10800.0,2007.220562250341,2005.0960660468659,6386301.62459252,5173542.939478707,17622.370070369914
scalar_0.420000,scalar,0.42,0.42,0.42,0.42,13539032.077522606,13185081.531953879,282563.2941262908,71387.25144243611,21468188.21163597,21017763.04792629,520989.4768380943,971414.640547774,15619.181611456745,1881434.0494572683,6815.021457199434,1200.0,10800.0,2007.220562250341,2005.0960660468659,6386301.62459252,5173542.939478707,17622.370070369914
scalar_0.350000,scalar,0.35,0.35,0.35,0.35,13539032.077522606,13185081.531953879,282563.2941262908,71387.25144243611,21468188.21163597,21017763.04792629,520989.4768380943,971414.640547774,15619.181611456745,1881434.0494572683,6815.021457199434,1200.0,10800.0,2007.220562250341,2005.0960660468659,6386301.62459252,5173542.939478707,17622.370070369914
scalar_0.400000,scalar,0.4,0.4,0.4,0.4,13539032.077522606,13185081.531953879,282563.2941262908,71387.25144243611,21468188.21163597,21017763.04792629,520989.4768380943,971414.640547774,15619.181611456745,1881434.0494572683,6815.021457199434,1200.0,10800.0,2007.220562250341,2005.0960660468659,6386301.62459252,5173542.939478707,17622.370070369914
scalar_0.224460,scalar,0.22446,0.22446,0.22446,0.22446,13541358.07263282,13189760.536833405,280210.28435697843,71387.25144243611,21479288.920926154,21017811.84384487,520982.8469181304,982459.9239994151,15619.181611456745,1881418.7057372727,6810.535184865608,1200.0,10800.0,1977.2030023675713,1975.0785061640966,6386639.20163765,5173816.376885261,19948.36518058367
anchor_zero,scalar,0.0,0.0,0.0,0.0,13541620.907941336,13190240.292442095,279993.36405680276,71387.25144243611,21480423.38099955,21017822.944450773,520982.7034836026,983583.1400323797,15619.181611456745,1881418.3500613938,6809.962429867315,1200.0,10800.0,1974.1420469744894,1972.0175507710146,6386699.497857552,5173865.216823382,20211.20048910007
scalar_0.050000,scalar,0.05,0.05,0.05,0.05,13541620.907941336,13190240.292442095,279993.3640568027,71387.25144243611,21480423.38099955,21017822.944450773,520982.7034836026,983583.1400323797,15619.181611456745,1881418.3500613938,6809.962429867315,1200.0,10800.0,1974.1420469744894,1972.0175507710146,6386699.497857553,5173865.216823382,20211.20048910007
scalar_0.100000,scalar,0.1,0.1,0.1,0.1,13541620.907941336,13190240.292442095,279993.3640568027,71387.25144243611,21480423.38099955,21017822.944450773,520982.7034836026,983583.1400323797,15619.181611456745,1881418.3500613938,6809.962429867315,1200.0,10800.0,1974.1420469744894,1972.0175507710146,6386699.497857553,5173865.216823382,20211.20048910007
scalar_0.150000,scalar,0.15,0.15,0.15,0.15,13541620.907941336,13190240.292442095,279993.3640568027,71387.25144243611,21480423.38099955,21017822.944450773,520982.7034836026,983583.1400323797,15619.181611456745,1881418.3500613938,6809.962429867315,1200.0,10800.0,1974.1420469744894,1972.0175507710146,6386699.497857553,5173865.216823382,20211.20048910007
scalar_0.200000,scalar,0.2,0.2,0.2,0.2,13541620.907941336,13190240.292442095,279993.3640568027,71387.25144243611,21480423.38099955,21017822.944450773,520982.7034836026,983583.1400323797,15619.181611456745,1881418.3500613938,6809.962429867315,1200.0,10800.0,1974.1420469744894,1972.0175507710146,6386699.497857553,5173865.216823382,20211.20048910007
split_da0.475_upd0.415,split_da_upd,0.475,0.415,0.415,0.415,13579816.602154098,13254434.112553261,264168.8157133266,61213.67388751465,21686914.022398703,21204556.120588876,495857.57190898404,978215.4737188097,10603.509952771954,1978082.701071105,7806.213379066967,1200.0,10800.0,9899.955262432379,9897.92569998814,6834197.478813775,5536310.0443098955,58406.89470186271
split_da0.475_upd0.500,split_da_upd,0.475,0.5,0.5,0.5,13580070.231314298,13252627.081094462,266229.47633231967,61213.67388751465,21682525.20117372,21204674.73205568,495847.08534699294,973697.5544650352,10603.509952771954,1978581.6768515348,7808.719417634664,1200.0,10800.0,9912.674366364623,9910.644803920384,6832195.561373622,5534688.491183372,58660.52386206202
split_da0.475_upd0.449,split_da_upd,0.475,0.448919,0.448919,0.448919,13580076.439195199,13252627.081094462,266235.6842132214,61213.67388751465,21682525.20117372,21204674.73205568,495851.8724235674,973702.3415416097,10603.509952771954,1978581.6768515348,7808.717427000692,1200.0,10800.0,9912.674366364623,9910.644803920384,6832195.561373622,5534688.491183372,58666.731742963195
scalar_0.475000,scalar,0.475,0.475,0.475,0.475,13580076.439195199,13252627.081094462,266235.6842132214,61213.67388751465,21682525.20117372,21204674.73205568,495851.8724235674,973702.3415416097,10603.509952771954,1978581.6768515348,7808.717427000692,1200.0,10800.0,9912.674366364623,9910.644803920384,6832195.561373622,5534688.491183372,58666.731742963195
split_da0.475_upd0.445,split_da_upd,0.475,0.445,0.445,0.445,13580076.439195199,13252627.081094462,266235.6842132214,61213.67388751465,21682525.20117372,21204674.73205568,495851.8724235674,973702.3415416097,10603.509952771954,1978581.6768515348,7808.717427000692,1200.0,10800.0,9912.674366364623,9910.644803920384,6832195.561373622,5534688.491183372,58666.731742963195
scalar_0.485000,scalar,0.485,0.485,0.485,0.485,13610902.905024134,13282788.058463033,266901.17267358437,61213.67388751465,21738951.52842465,21262241.158771284,496677.2080360241,973387.5776893876,10603.509952771954,2025396.0507384334,7875.754316006094,1200.0,10800.0,10540.650680908164,10539.094321034307,6888036.656826531,5579777.533807572,89493.19757189788
scalar_0.480000,scalar,0.48,0.48,0.48,0.48,13610909.112905035,13282788.058463033,266907.3805544861,61213.67388751465,21738951.52842465,21262241.158771284,496681.9951125986,973392.3647659621,10603.509952771954,2025396.0507384334,7875.752325372122,1200.0,10800.0,10540.650680908164,10539.094321034307,6888036.656826531,5579777.533807572,89499.40545279905
split_da0.500_upd0.415,split_da_upd,0.5,0.415,0.415,0.415,13680853.4776416,13347987.167976327,271652.6357777568,61213.67388751463,21879153.110949747,21404523.474366717,502987.1320700995,977616.7686531297,10603.509952771954,2163070.3727968466,7939.3991569914815,1200.0,10800.0,10775.326180338388,10775.326180338388,6909826.929241977,5596959.812686002,159443.7701893635
scalar_0.600000,scalar,0.6,0.6,0.6,0.6,13681051.370486446,13347987.167976327,272024.1629350325,61040.03957508488,21879153.110949747,21405264.180803955,502982.34499352507,976871.2751393174,10578.61971303145,2163916.635406689,7939.681885960749,1200.0,10800.0,10775.326180338388,10775.326180338388,6909140.369177004,5596403.699033373,159641.66303420998
scalar_0.580000,scalar,0.58,0.58,0.58,0.58,13681051.370486446,13347987.167976327,272024.1629350325,61040.03957508488,21879153.110949747,21405264.180803955,502982.34499352507,976871.2751393174,10578.61971303145,2163916.635406689,7939.681885960749,1200.0,10800.0,10775.326180338388,10775.326180338388,6909140.369177004,5596403.699033373,159641.66303420998
scalar_0.495000,scalar,0.495,0.495,0.495,0.495,13681068.52506783,13347987.167976327,271867.6832039872,61213.67388751463,21879153.110949747,21404982.3456441,502982.34499352507,977153.1102991685,10603.509952771954,2163626.485429531,7939.545557097144,1200.0,10800.0,10775.326180338388,10775.326180338388,6909315.132635148,5596545.257434471,159658.81761559471
scalar_0.500000,scalar,0.5,0.5,0.5,0.5,13681068.52506783,13347987.167976327,271867.6832039872,61213.67388751463,21879153.110949747,21404982.3456441,502982.34499352507,977153.1102991685,10603.509952771954,2163626.485429531,7939.545557097144,1200.0,10800.0,10775.326180338388,10775.326180338388,6909315.132635148,5596545.257434471,159658.81761559471
scalar_0.490000,scalar,0.49,0.49,0.49,0.49,13681068.52506783,13347987.167976327,271867.6832039872,61213.67388751463,21879153.110949747,21404982.3456441,502982.34499352507,977153.1102991685,10603.509952771954,2163626.485429531,7939.545557097144,1200.0,10800.0,10775.326180338388,10775.326180338388,6909315.132635148,5596545.257434471,159658.81761559471
split_da0.500_upd0.449,split_da_upd,0.5,0.448919,0.448919,0.448919,13681074.732948732,13347987.167976327,271873.891084889,61213.67388751463,21879153.110949747,21404982.3456441,502987.1320700995,977157.897375743,10603.509952771954,2163626.485429531,7939.543566463172,1200.0,10800.0,10775.326180338388,10775.326180338388,6909315.132635148,5596545.257434471,159665.0254964959
split_da0.500_upd0.445,split_da_upd,0.5,0.445,0.445,0.445,13681074.732948732,13347987.167976327,271873.891084889,61213.67388751463,21879153.110949747,21404982.3456441,502987.1320700995,977157.897375743,10603.509952771954,2163626.485429531,7939.543566463172,1200.0,10800.0,10775.326180338388,10775.326180338388,6909315.132635148,5596545.257434471,159665.0254964959
split_da0.500_upd0.475,split_da_upd,0.5,0.475,0.475,0.475,13681074.732948732,13347987.167976327,271873.891084889,61213.67388751463,21879153.110949747,21404982.3456441,502987.1320700995,977157.897375743,10603.509952771954,2163626.485429531,7939.543566463172,1200.0,10800.0,10775.326180338388,10775.326180338388,6909315.132635148,5596545.257434471,159665.0254964959
scalar_0.620000,scalar,0.62,0.62,0.62,0.62,13681076.98394082,13347987.167976327,272049.7763894047,61040.03957508488,21879153.110949747,21405302.267727472,502982.34499352507,976833.1882157999,10578.61971303145,2163963.6562999208,7939.705438351166,1200.0,10800.0,10775.326180338388,10775.326180338388,6909093.348283771,5596365.612109857,159667.27648858353
scalar_0.505000,scalar,0.505,0.505,0.505,0.505,13681085.22528137,13347987.167976327,271884.38341752806,61213.67388751463,21879153.110949747,21405019.17893378,502982.34499352507,977116.2770094888,10603.509952771954,2163663.9978615777,7939.557364979025,1200.0,10800.0,10775.326180338388,10775.326180338388,6909311.558201637,5596542.362143327,159675.51782913506
scalar_0.510000,scalar,0.51,0.51,0.51,0.51,13681085.22528137,13347987.167976327,271884.38341752806,61213.67388751463,21879153.110949747,21405019.17893378,502982.34499352507,977116.2770094888,10603.509952771954,2163663.9978615777,7939.557364979025,1200.0,10800.0,10775.326180338388,10775.326180338388,6909311.558201637,5596542.362143327,159675.51782913506
scalar_0.520000,scalar,0.52,0.52,0.52,0.52,13681107.150564022,13347987.167976327,271906.30870017933,61213.67388751463,21879153.110949747,21405066.168395102,502982.34499352507,977069.2875481702,10603.509952771954,2163712.9796436555,7939.573588667667,1200.0,10800.0,10775.326180338388,10775.326180338388,6909301.072302904,5596533.868565353,159697.44311178662
scalar_0.530000,scalar,0.53,0.53,0.53,0.53,13681123.131189536,13347987.167976327,271922.289325692,61213.67388751463,21879153.110949747,21405100.27494832,502982.34499352507,977035.1809949471,10603.509952771954,2163749.3755465294,7939.584042872587,1200.0,10800.0,10775.326180338388,10775.326180338388,6909289.023094216,5596524.108706316,159713.42373730056
scalar_0.540000,scalar,0.54,0.54,0.54,0.54,13681123.131189536,13347987.167976327,271922.289325692,61213.67388751463,21879153.110949747,21405100.27494832,502982.34499352507,977035.1809949471,10603.509952771954,2163749.3755465294,7939.584042872587,1200.0,10800.0,10775.326180338388,10775.326180338388,6909289.023094216,5596524.108706316,159713.42373730056
scalar_0.550000,scalar,0.55,0.55,0.55,0.55,13681133.315254308,13347987.167976327,271932.4733904656,61213.67388751463,21879153.110949747,21405120.909260496,502982.34499352507,977014.5466827729,10603.509952771954,2163770.485649016,7939.589521096234,1200.0,10800.0,10775.326180338388,10775.326180338388,6909286.518934676,5596522.080337089,159723.60780207254
scalar_0.560000,scalar,0.56,0.56,0.56,0.56,13681136.681188785,13347987.167976327,271935.8393249419,61213.67388751463,21879153.110949747,21405126.376546256,502982.34499352507,977009.0793970159,10603.509952771954,2163777.2353845187,7939.594068073745,1200.0,10800.0,10775.326180338388,10775.326180338388,6909279.769199174,5596516.613051331,159726.9737365488
scalar_0.570000,scalar,0.57,0.57,0.57,0.57,13681149.775940448,13347987.167976327,271948.9340766053,61213.67388751463,21879153.110949747,21405147.37487518,502982.34499352507,976988.0810680919,10603.509952771954,2163803.159247388,7939.6102907817785,1200.0,10800.0,10775.326180338388,10775.326180338388,6909253.845336305,5596495.6147224065,159740.0684882123
scalar_0.660000,scalar,0.66,0.66,0.66,0.66,13681930.417600792,13347871.700565752,273018.6774599538,61040.03957508488,21878859.841202296,21406677.65553685,504649.6554774274,976831.8411428729,10578.61971303145,2165315.8485324765,7939.994454766202,1200.0,10800.0,10776.180126862873,10776.180126862875,6909215.430267049,5596464.49851631,160520.71014855616
scalar_0.689578,scalar,0.689578,0.689578,0.689578,0.689578,13681939.04582056,13347871.700565752,273027.30567972135,61040.03957508488,21878859.841202296,21406691.770079248,504649.6554774274,976817.7266004755,10578.61971303145,2165330.7453905162,7939.999751179053,1200.0,10800.0,10776.180126862873,10776.180126862875,6909211.3128162995,5596461.163381203,160529.33836832456
anchor_half_peak,scalar,0.6976,0.6976,0.6976,0.6976,13681945.714466432,13347871.700565752,273033.974325594,61040.03957508488,21878859.841202296,21406702.458419003,504649.6554774274,976807.0382607196,10578.61971303145,2165341.433730272,7939.999830630435,1200.0,10800.0,10776.180126862873,10776.180126862875,6909211.3128162995,5596461.163381203,160536.00701419637
scalar_0.700000,scalar,0.7,0.7,0.7,0.7,13683614.2093446,13347614.842830729,274959.326938786,61040.039575084884,21878204.764845647,21409112.426371176,507708.30934334133,976800.6478178117,10578.61971303145,2167699.320755262,7940.564182080596,1200.0,10800.0,10778.077845066706,10778.077845066706,6909485.422959367,5596683.1925970875,162204.50189236365
anchor_peak_tariff,scalar,1.3952,1.3952,1.3952,1.3952,13692742.937209811,13346522.794568157,285180.1030665684,61040.03957508489,21875436.780907713,21422280.986640498,523644.8535505963,976800.6478178117,10578.619713031452,2180653.760374642,7942.713520975554,1200.0,10800.0,10786.162812705863,10786.162812705863,6910612.373748541,5597596.022736319,171333.22975757532
scalar_0.766197,scalar,0.766197,0.766197,0.766197,0.766197,13692742.937209811,13346522.794568157,285180.1030665684,61040.03957508489,21875436.780907713,21422280.986640498,523644.8535505963,976800.6478178117,10578.619713031452,2180653.760374642,7942.713520975554,1200.0,10800.0,10786.162812705863,10786.162812705863,6910612.373748541,5597596.022736319,171333.22975757532
scalar_0.770000,scalar,0.77,0.77,0.77,0.77,13692742.937209811,13346522.794568157,285180.1030665684,61040.03957508489,21875436.780907713,21422280.986640498,523644.8535505963,976800.6478178117,10578.619713031452,2180653.760374642,7942.713520975554,1200.0,10800.0,10786.162812705863,10786.162812705863,6910612.373748541,5597596.022736319,171333.22975757532
scalar_0.900000,scalar,0.9,0.9,0.9,0.9,13692742.937209811,13346522.794568157,285180.1030665684,61040.03957508489,21875436.780907713,21422280.986640498,523644.8535505963,976800.6478178117,10578.619713031452,2180653.760374642,7942.713520975554,1200.0,10800.0,10786.162812705863,10786.162812705863,6910612.373748541,5597596.022736319,171333.22975757532
scalar_1.000000,scalar,1.0,1.0,1.0,1.0,13692742.937209811,13346522.794568157,285180.1030665684,61040.03957508489,21875436.780907713,21422280.986640498,523644.8535505963,976800.6478178117,10578.619713031452,2180653.760374642,7942.713520975554,1200.0,10800.0,10786.162812705863,10786.162812705863,6910612.373748541,5597596.022736319,171333.22975757532
anchor_roundtrip_peak,scalar,1.130112,1.130112,1.130112,1.130112,13692742.937209811,13346522.794568157,285180.1030665684,61040.03957508489,21875436.780907713,21422280.986640498,523644.8535505963,976800.6478178117,10578.619713031452,2180653.760374642,7942.713520975554,1200.0,10800.0,10786.162812705863,10786.162812705863,6910612.373748541,5597596.022736319,171333.22975757532
scalar_1.200000,scalar,1.2,1.2,1.2,1.2,13692742.937209811,13346522.794568157,285180.1030665684,61040.03957508489,21875436.780907713,21422280.986640498,523644.8535505963,976800.6478178117,10578.619713031452,2180653.760374642,7942.713520975554,1200.0,10800.0,10786.162812705863,10786.162812705863,6910612.373748541,5597596.022736319,171333.22975757532
anchor_eta_peak,scalar,1.25568,1.25568,1.25568,1.25568,13692742.937209811,13346522.794568157,285180.1030665684,61040.03957508489,21875436.780907713,21422280.986640498,523644.8535505963,976800.6478178117,10578.619713031452,2180653.760374642,7942.713520975554,1200.0,10800.0,10786.162812705863,10786.162812705863,6910612.373748541,5597596.022736319,171333.22975757532
scalar_1.400000,scalar,1.4,1.4,1.4,1.4,13692742.937209811,13346522.794568157,285180.1030665684,61040.03957508489,21875436.780907713,21422280.986640498,523644.8535505963,976800.6478178117,10578.619713031452,2180653.760374642,7942.713520975554,1200.0,10800.0,10786.162812705863,10786.162812705863,6910612.373748541,5597596.022736319,171333.22975757532
anchor_median_tariff,scalar,0.80735,0.80735,0.80735,0.80735,13692742.937209811,13346522.794568157,285180.1030665684,61040.03957508489,21875436.780907713,21422280.986640498,523644.8535505963,976800.6478178117,10578.619713031452,2180653.760374642,7942.713520975554,1200.0,10800.0,10786.162812705863,10786.162812705863,6910612.373748541,5597596.022736319,171333.22975757532
